video_id,title,view_count,like_count,coin_count,favorite_count,share_count,clean_title,bert_kmeans_cluster,dbscan_cluster
BV111zhB8Eiz,54元教你做年夜饭一道硬菜：芋头烧猪脚，从挑选食材开始，看一遍就会做的那种哦,136151,13451,1350,2089,448,54元教你做年夜饭一道硬菜 芋头烧猪脚 从挑选食材开始 看一遍就会做的那种哦,3,-1
BV11AzkBZEBG,导演想找傻子没想到来了个真的？火遍韩国的温情喜剧片，喜剧电影《我的一级兄弟》,918185,16193,3845,6873,797,导演想找傻子没想到来了个真的 火遍韩国的温情喜剧片 喜剧电影 我的一级兄弟,1,-1
BV11nzDBEEHx,《冰箱边角料》秒变《铁板美食宴》,771797,49767,1375,3057,587,冰箱边角料 秒变 铁板美食宴,3,-1
BV11NzkB4EWH,二十岁的毕业季，到四十岁的方块梦,656085,49114,21331,10356,1963,二十岁的毕业季 到四十岁的方块梦,5,-1
BV11qz4BJE9L,醒醒吧！人联只会让你像死尸一样丢到战场，而地联才是你自古以来的家,594287,34002,1717,9601,611,醒醒吧 人联只会让你像死尸一样丢到战场 而地联才是你自古以来的家,6,-1
BV11SzcBLEZq,小鹿《我的中女时代》脱口秀专场 90分钟爆笑中女解压单口喜剧 线下10万+观众认证品质爆款,817083,24274,17919,25559,8583,小鹿 我的中女时代 脱口秀专场 90分钟爆笑中女解压单口喜剧 线下10万 观众认证品质爆款,3,-1
BV11UBfBMEfQ,《绝区零》妄想天使EP | ReDreaming Angel 复梦天使,2305962,199252,107819,64713,31366,绝区零 妄想天使EP   ReDreaming Angel 复梦天使,2,-1
BV11uzgBeEFc,为什么八爷党难消灭？因为人人都是八爷党！【雍正王朝十级学者】第48回,654315,23227,7173,4186,377,为什么八爷党难消灭 因为人人都是八爷党  雍正王朝十级学者 第48回,1,-1
BV11wzKBXEpV,父亲持刀砍烂儿子的门 网友:不吃饭犯天条了？,890373,45983,624,5723,979,父亲持刀砍烂儿子的门 网友 不吃饭犯天条了,8,-1
BV12AzkBZE56,家里一切正常。,805650,167550,31089,32050,6055,家里一切正常,4,-1
BV12AzkBZEK8,哈哈哈哈哈水弹挑战,6433733,141614,5891,56090,4828,哈哈哈哈哈水弹挑战,1,-1
BV12mzyBiEYH,逐条撞车测试！三角洲S8更新公告说了的和没有说的,1447813,56118,6504,34657,4621,逐条撞车测试 三角洲S8更新公告说了的和没有说的,3,-1
BV12nkjBwED1,"多托雷：我天外的降临者,why baby why?回答我！",1562213,183806,50435,58211,48888,多托雷 我天外的降临者 why baby why 回答我,1,-1
BV12Q6TBwE2J,一匹马身价上百万，赛马究竟在看什么？,240241,24836,7181,5250,1160,一匹马身价上百万 赛马究竟在看什么,0,-1
BV12SzYBvENW,米游社大地图被搬进游戏里了？,375307,17613,1543,4790,1937,米游社大地图被搬进游戏里了,4,-1
BV12U6TBPExZ,歌剧老师锐评韩团 EXO、LE SSERAFIM、babymonster、ADP live现场（2）,140351,7731,4256,1724,613,歌剧老师锐评韩团 EXO LE SSERAFIM babymonster ADP live现场 2,9,-1
BV12zzKBtESF,恭喜发财，但是分类讨论,1002665,175983,19209,21715,8039,恭喜发财 但是分类讨论,5,-1
BV13DkjBrEX9,我得在这个时代…表达一点自己的态度…《玻璃》已全网免费上线…,3895676,749341,214289,188316,5879,我得在这个时代 表达一点自己的态度  玻璃 已全网免费上线,3,-1
BV13EzCBqEL1,【有山先生】第五次冲击百大失败,1367653,168295,187247,27621,5471,有山先生 第五次冲击百大失败,1,-1
BV13gzrBNEzs,离谱的cp产出，tf家族的诡异输出,696753,54516,15989,6213,4873,离谱的cp产出 tf家族的诡异输出,7,-1
BV13KzqBHEKK,黄忠大人对线原始人公孙离，这把稳了,340609,29429,1157,934,386,黄忠大人对线原始人公孙离 这把稳了,3,-1
BV13LzCBzEhx,当音乐会上，指挥突然让我独奏！于是《鸟之诗》遇见了《紫罗兰永恒花园》,1709555,179639,18788,43164,2207,当音乐会上 指挥突然让我独奏 于是 鸟之诗 遇见了 紫罗兰永恒花园,1,-1
BV13qzYByE2y,史上最猛！吉利起诉电池供应商，索赔23亿！,240267,11086,955,1214,639,史上最猛 吉利起诉电池供应商 索赔23亿,8,-1
BV13RzrBNEYo,【终末地】赤石科技之摆的Apple,1058747,95530,15745,14638,39728,终末地 赤石科技之摆的Apple,9,-1
BV13SzDB8E8h,超级无敌大白话8,579641,43475,811,16283,1094,超级无敌大白话8,5,-1
BV13szLBfEYr,长辈让我准备的过年才艺,1951461,139421,2463,7761,1533,长辈让我准备的过年才艺,3,-1
BV13ZzaB3E5p,懂车之王在我家，选的好车顶呱呱,169841,20529,932,830,238,懂车之王在我家 选的好车顶呱呱,3,-1
BV145z5BmEwD,《  多  邻  省  》,129505,20850,3582,7050,1473,多  邻  省,9,-1
BV147zjBWE8G,【逆天COS】离谱！小学生COS我愿称之为神！？,6991156,278451,18627,202434,927,逆天COS 离谱 小学生COS我愿称之为神,7,-1
BV14FzbBWELs,翡翠赌石神机妙算，发财了！,363297,19323,1652,1140,256,翡翠赌石神机妙算 发财了,8,-1
BV14fzDBpEwJ,人间的两份幸福，今天也落在了这些流浪猫身上,375904,41495,5352,2128,101,人间的两份幸福 今天也落在了这些流浪猫身上,6,-1
BV14izLBHECX,贱谍过家家（7）,4400342,244933,127373,77314,5375,贱谍过家家 7,5,-1
BV14TzYBNEDP,评分最高的一集！观众再也不想看“假人”谈恋爱的女主剧了！,113640,5729,1550,1880,92,评分最高的一集 观众再也不想看 假人 谈恋爱的女主剧了,4,-1
BV14WzuBKEvM,650平豪宅？那得多少个厕所啊？,1847739,120096,16372,17906,1415,650平豪宅 那得多少个厕所啊,0,-1
BV152zTBkEoU,美国队长：自从发现摔不死，玩的越来越花了！,2776427,43873,1822,30379,249,美国队长 自从发现摔不死 玩的越来越花了,4,-1
BV157zsBxEnJ,no na - work [官方MV],486800,34594,1985,7647,1511,no na   work  官方MV,9,-1
BV15BzvBQEgY,【灵血修仙】第417集  试炼,83984,9923,6186,1251,135,灵血修仙 第417集  试炼,7,-1
BV15d6MBEEpg,异世界的安全员看完也睡着了,41446,4950,1834,1029,523,异世界的安全员看完也睡着了,4,-1
BV15LkuBpEay,最符合“你可能不知道我是谁，但一定听给过我的歌”的一期出现了！,4014464,187585,13823,64607,6146,最符合 你可能不知道我是谁 但一定听给过我的歌 的一期出现了,4,-1
BV15Lz1B7EGz,跟洛丽塔小蛋糕玩一天花了23，同学嘲笑她很黑，穿Lo让她变得自信,1708076,44725,9548,13964,4279,跟洛丽塔小蛋糕玩一天花了23 同学嘲笑她很黑 穿Lo让她变得自信,4,-1
BV15MzCB5Ebz,啊？48.0,2451218,249374,12993,35897,2298,啊 48 0,9,-1
BV15oziBtEMR,极速拍档，根本不会开车……,197995,15215,11237,3087,276,极速拍档 根本不会开车,5,-1
BV15QzaB5E4t,执法人员再次枪击平民，为什么又是明尼苏达？,157974,12624,921,1431,169,执法人员再次枪击平民 为什么又是明尼苏达,0,-1
BV15R6KB3En2,【2026·2月电脑配置推荐】爆肝1个月！年前装机答案，3千~3万预算 共20套性价比配置，实测数据，小白必看攻略！diy整机主机,208834,12928,5414,5215,408,2026 2月电脑配置推荐 爆肝1个月 年前装机答案 3千 3万预算 共20套性价比配置 实测数据 小白必看攻略 diy整机主机,3,-1
BV15rzxBZEMN,06|有人看吗，48小时做了一集英雄联盟电视剧,113927,7776,1568,941,113,06 有人看吗 48小时做了一集英雄联盟电视剧,3,-1
BV15SzaB2EhS,重生之我在终末地当大夫,128739,10506,1060,1372,169,重生之我在终末地当大夫,3,-1
BV15UzaB7Eq6,朋友是自己亲自选的家人,555596,29976,711,4112,446,朋友是自己亲自选的家人,5,-1
BV15Vz1BUEVq,用五代UP主的视角打开《太平年》你会发现这部剧的内涵好丰富呀,492497,25145,11494,7674,2282,用五代UP主的视角打开 太平年 你会发现这部剧的内涵好丰富呀,6,-1
BV15wzDBaE89,谁是终末地最有活的干员？“关系户”陈千语是个怎样的人？,334292,20240,1777,5115,1818,谁是终末地最有活的干员  关系户 陈千语是个怎样的人,5,-1
BV15XzuBjEFk,羊村第五季（3）,4667103,428442,327862,194227,8144,羊村第五季 3,9,-1
BV16CzeBbEjq,【坦克动画】美国百运,79460,7565,1390,1820,180,坦克动画 美国百运,1,-1
BV16Gz7B1Epv,今天再表演一个手搓春天,2487035,387499,20365,55901,7567,今天再表演一个手搓春天,4,-1
BV16uzPBgEeb,家庭“滑蛋”万能公式，牛肉+鲜虾+猪排，附带蛋+水的黄金比例,482613,27517,6647,24813,1819,家庭 滑蛋 万能公式 牛肉 鲜虾 猪排 附带蛋 水的黄金比例,5,-1
BV16WzvBwEcE,极寒将至：暴雪下冻死的流浪汉为何逃离庇护所,1020038,60951,7027,6094,1076,极寒将至 暴雪下冻死的流浪汉为何逃离庇护所,0,-1
BV16WzWBaEak,吃货为啥胖,2414035,108117,830,5128,4280,吃货为啥胖,5,-1
BV16Zk7BREhM,《我一而再再而三强调······》,5549848,243077,26096,26269,9936,我一而再再而三强调,6,-1
BV16zzaBWEHt,(终末地)Give Me Something 翻唱,105997,20054,7190,4866,1269,终末地 Give Me Something 翻唱,9,-1
BV16zzaBWEib,野蛮生长的代练产业，已经出海请黑哥们跑刀了？,108273,7105,2329,4076,1331,野蛮生长的代练产业 已经出海请黑哥们跑刀了,8,-1
BV171zaBJEp3,Ultra X9 388H性能分析：重铸Intel荣光,312569,12984,3315,2482,2187,Ultra X9 388H性能分析 重铸Intel荣光,9,-1
BV1726KB2Ej7,现在的孩子，还有必要疯狂刷题吗？,41380,4622,2512,4448,4047,现在的孩子 还有必要疯狂刷题吗,6,-1
BV173zmBZExQ,【终末地】武陵产线一键毕业！最全武陵模块化产线！,743330,27413,10838,40623,6678,终末地 武陵产线一键毕业 最全武陵模块化产线,3,-1
BV175zLBiESv,认知失格2.0极限生存！一口气看完！大合集！！！,3416445,123962,5813,153975,1044,认知失格2 0极限生存 一口气看完 大合集,1,-1
BV178zWBtEVD,创业22——退款,1012040,39407,1909,2304,553,创业22  退款,5,-1
BV17AzCBUEid,一个bug是bug？一堆bug能work！离谱无厘头？小品式癫剧！《突然的喜欢》,753933,13293,922,3803,884,一个bug是bug 一堆bug能work 离谱无厘头 小品式癫剧  突然的喜欢,3,-1
BV17CzaBDEfK,欧洲发布民调，特朗普让世界爱上中国,560597,38799,14532,5295,631,欧洲发布民调 特朗普让世界爱上中国,8,-1
BV17fz6BkEA9,大聪明的世界2,1110560,75305,7743,65112,214,大聪明的世界2,5,-1
BV17FzuBQEX2,璃月港重做了？原神新DLC地图实机曝光！也太仙了吧【千星奇域观赏图接龙第二棒】,529528,23551,1672,5691,591,璃月港重做了 原神新DLC地图实机曝光 也太仙了吧 千星奇域观赏图接龙第二棒,7,-1
BV17hzWBoEFQ,把10年前的照片！给百大up主们签名，会发生什么？？,5873360,228020,40692,96564,2733,把10年前的照片 给百大up主们签名 会发生什么,0,-1
BV17hzxBvERo,来看看烤乳猪是怎么诞生的，烤乳猪是酥脆的，但人心是柔软的。,1245541,84372,7817,6837,1610,来看看烤乳猪是怎么诞生的 烤乳猪是酥脆的 但人心是柔软的,0,-1
BV17kkEBREhM,《没眼力与没实力》,2857946,273221,5208,17859,3630,没眼力与没实力,5,-1
BV17NrWBaE87,ピノキオピー - 不死身ごっこ feat. 初音ミク,1339209,193464,73445,90661,24103,不死身    feat  初音,9,-1
BV17uz1BHENx,什么？你说要宫斗马皇后？【泡面番】,890977,28347,3158,22554,257,什么 你说要宫斗马皇后  泡面番,6,-1
BV17VzSBNEWA,帮别人排队赚了38，下班美滋滋吃个木桶饭，再打会游戏快乐的一天,347679,16064,4973,1755,452,帮别人排队赚了38 下班美滋滋吃个木桶饭 再打会游戏快乐的一天,6,-1
BV17vztB6EAF,三国杀up锐评新三国232：天子经济学还是太超前了,496025,22600,10614,2855,485,三国杀up锐评新三国232 天子经济学还是太超前了,3,-1
BV17YzNBCER5,全世界最宜居城市，在这里生活有多爽?!,1894823,35383,7812,20165,6787,全世界最宜居城市 在这里生活有多爽,0,-1
BV184zPBZEY8,你们为什么要取关我的大petite,447301,68691,1742,8345,211,你们为什么要取关我的大petite,6,-1
BV187zaBBE5U,贾队长名场面！皇军（鬼子）来了你还欺负我！那皇军（鬼子）不是白来了吗？【十级学者详解地下交通站10-1】】】,170822,15621,6525,2405,1086,贾队长名场面 皇军 鬼子 来了你还欺负我 那皇军 鬼子 不是白来了吗  十级学者详解地下交通站10 1,1,-1
BV187zEBwEER,绘画记录,185057,87724,19441,1935,100,绘画记录,5,-1
BV18CzvBEEYh,大呼过瘾！10分钟拼完万代PGU牛高达！,74758,4520,1333,1216,1168,大呼过瘾 10分钟拼完万代PGU牛高达,8,-1
BV18dzDBsEgd,什么？？人机相声正式官宣3026年春晚！！！？,2267201,198304,6579,23790,7393,什么  人机相声正式官宣3026年春晚,1,-1
BV18GztBxE2N,【终末地】武陵  矿点/源矿/蓝铁矿拉电线全攻略 武陵城/景玉谷 摆完挂机 简单好抄,277805,7580,3326,5174,592,终末地 武陵  矿点 源矿 蓝铁矿拉电线全攻略 武陵城 景玉谷 摆完挂机 简单好抄,3,-1
BV18HzCBvEVo,人类联邦最好的宣传片出现了！,357175,22506,876,5118,2417,人类联邦最好的宣传片出现了,4,-1
BV18izkBKEoS,同学聚会重新认识体育委员,900422,50324,2725,2626,981,同学聚会重新认识体育委员,1,-1
BV18nzeB5Ehg,县城瑜伽裤最严厉的父亲,447555,21743,1838,5364,2757,县城瑜伽裤最严厉的父亲,1,-1
BV18NzxBpECn,用五代UP主的视角打开《太平年》是一种什么体验2,274955,17951,8935,3100,592,用五代UP主的视角打开 太平年 是一种什么体验2,3,-1
BV18rzyB6E1c,《年夜饭甜品大教学》,320640,22210,977,11467,1086,年夜饭甜品大教学,5,-1
BV18tzSBREkp,被期末考试速通了😭😭😭,577157,55743,9245,20408,741,被期末考试速通了,4,-1
BV18W6MBgEfo,【鸣潮2.8切片】漂泊者与蒙娜丽莎的惨烈修罗场,50564,8639,3464,1022,172,鸣潮2 8切片 漂泊者与蒙娜丽莎的惨烈修罗场,7,-1
BV18W6MBgEgU,【终末地测评#1】 新神已至！莱万汀数据与实战测评,120954,15104,9730,3457,8899,终末地测评 1  新神已至 莱万汀数据与实战测评,3,-1
BV18wzcBEE4v,《爱你老妈》,1908990,211221,8568,12417,3499,爱你老妈,5,-1
BV18XzDB4E91,咋不把我痔疮也抄去呢？,512186,26633,2226,6180,75,咋不把我痔疮也抄去呢,6,-1
BV18XzTBBEkF,你那个爱挤人的朋友,2878037,181112,4826,17209,20256,你那个爱挤人的朋友,6,-1
BV18zzkBPETP,跨服聊天，对不齐颗粒度,687936,47121,609,4666,1528,跨服聊天 对不齐颗粒度,5,-1
BV198zhB6EEL,粤菜居然100元能做五道?没有高配后厨，只在家庭小灶! 欢迎古志辉师傅~,142383,11593,2576,3027,627,粤菜居然100元能做五道 没有高配后厨 只在家庭小灶  欢迎古志辉师傅,8,-1
BV19hzYBmEee,古代的屠城是怎么屠的？真相极其恐怖,186191,5056,1174,2621,326,古代的屠城是怎么屠的 真相极其恐怖,8,-1
BV19izYB5EGv,潮t电竞杯,370581,31878,15167,10333,942,潮t电竞杯,9,-1
BV19jz1B2EU9,《 哥 伦 比 娅 の 小 曲 》,336784,85547,5552,22517,3170,哥 伦 比 娅   小 曲,9,-1
BV19NztBcEwb,⭐我会指引前路，直到苦难的尽头,102470,35407,3710,13235,990,我会指引前路 直到苦难的尽头,6,-1
BV19QzaBLEmA,全海南最有名的美国人，他说他有个海南梦,129355,10874,1095,594,132,全海南最有名的美国人 他说他有个海南梦,5,-1
BV19qzvBHECz,印度版阿甘正传？美国梦变印度梦，是神作还是平替,438912,12174,889,4665,175,印度版阿甘正传 美国梦变印度梦 是神作还是平替,1,-1
BV19UzrBMEbn,这就是传说中的极品白袜猛男？【404小队评测】,452892,28876,1795,10978,881,这就是传说中的极品白袜猛男  404小队评测,3,-1
BV19VzpBJE3r,Ether Strike.mp4,3136973,289694,8919,72933,54440,Ether Strike mp4,9,-1
BV19vzvBXERJ,这是一块真的东坡肉？,253117,15064,1711,1505,499,这是一块真的东坡肉,5,-1
BV19xzbBvEqi,剑网3全门派130级小橙武登场！《人间侠气》剧情MV上映,816257,12279,9661,5096,3938,剑网3全门派130级小橙武登场  人间侠气 剧情MV上映,7,-1
BV19YzYBjEEb,史泰龙vs施瓦辛格恩怨史，疯狂较劲十五年到底为哪般？,275924,26113,587,2603,225,史泰龙vs施瓦辛格恩怨史 疯狂较劲十五年到底为哪般,8,-1
BV19Zz1BmEaL,【1月25日早】突发！又是ICE！不足20天当街射杀第二名白人（多视角还原）,1366744,50362,2025,4610,11009,1月25日早 突发 又是ICE 不足20天当街射杀第二名白人 多视角还原,8,-1
BV1a2zDBhEZn,“我想说其实你很好 你自己却不知道”,1434286,26523,2163,5374,414,我想说其实你很好 你自己却不知道,6,-1
BV1A3zYBaE1N,特朗普私兵ICE再次当街行刑，明尼苏达两开花？,1083177,71982,10163,8019,1691,特朗普私兵ICE再次当街行刑 明尼苏达两开花,8,-1
BV1a5zaB6Eqt,【终末地】逆天点位最优滑索(源石研究园),52516,3242,1010,5150,406,终末地 逆天点位最优滑索 源石研究园,2,-1
BV1a9kjBzEdz,电源开发【明日方舟：终末地】,1300342,148899,34987,61761,31774,电源开发 明日方舟 终末地,2,-1
BV1abz6BAEz5,【终末地】全流程基建一键毕业！摆完挂机蓝图,2682231,110261,85756,167319,34794,终末地 全流程基建一键毕业 摆完挂机蓝图,7,-1
BV1ABziBrE9a,英特尔Ultra X9深度评测：完美的轻薄本处理器！,316836,14334,2802,2537,2045,英特尔Ultra X9深度评测 完美的轻薄本处理器,3,-1
BV1adzCBGEGA,回了中国不吃胖都对不起美食,573711,41064,975,1414,102,回了中国不吃胖都对不起美食,5,-1
BV1ADzQBmELE,10万块还原MC风龙废墟,1061060,126671,13918,5860,1279,10万块还原MC风龙废墟,5,-1
BV1AHzqB3Esy,当无厘头喜剧突然切换成西装暴徒！致敬星爷！,87053,9250,5158,1792,551,当无厘头喜剧突然切换成西装暴徒 致敬星爷,1,-1
BV1ahzQBhEE8,东北清真菜馆八大金刚四大美人，路过的飞机都得扣100！,1421377,43875,2789,5050,1357,东北清真菜馆八大金刚四大美人 路过的飞机都得扣100,8,-1
BV1aMzzBZEQy,【小曲一响，主角登场】2025年最火の小曲合集，很多人听过却不知道歌名！,825428,47567,5818,50127,41,小曲一响 主角登场 2025年最火 小曲合集 很多人听过却不知道歌名,8,-1
BV1anzeB5EVb,那一天，二游圈想起了被崩崩支配的恐惧感！！,168006,12556,1268,2887,1058,那一天 二游圈想起了被崩崩支配的恐惧感,4,-1
BV1anzsBWELr,怎么动两下你就出汗了😅【终末地动画】,637145,48834,2222,23913,1070,怎么动两下你就出汗了  终末地动画,1,-1
BV1ApzNBnE4k,时光匆匆 继续努力！与君共勉,4614945,216940,2182,6777,1777,时光匆匆 继续努力 与君共勉,6,-1
BV1aqzyBVE5L,welcome to minecraft,532632,64288,4922,9822,369,welcome to minecraft,9,-1
BV1aUzDBFEYE,评价为：夯！打戏打爽了！谢苗《东北警察故事3》诚实观后感,336433,17672,1111,1436,429,评价为 夯 打戏打爽了 谢苗 东北警察故事3 诚实观后感,1,-1
BV1aYzkBMEqg,大学生就业指导之返乡摆摊卖菜,104416,12934,706,5089,551,大学生就业指导之返乡摆摊卖菜,5,-1
BV1AzzmBzEU2,当你穿进老钱班17,4165339,269316,8166,27431,2884,当你穿进老钱班17,6,-1
BV1B26KB2Ehb,【真实解说】利雅得胜利小胜布赖代协作！马内造乌龙，C罗先生头发丝险触球！罗哥中楣+助攻被吹，逐渐黑化，怒拿全队倒数第一评分！单车、跳水每场必献！,108838,5805,1781,649,371,真实解说 利雅得胜利小胜布赖代协作 马内造乌龙 C罗先生头发丝险触球 罗哥中楣 助攻被吹 逐渐黑化 怒拿全队倒数第一评分 单车 跳水每场必献,1,-1
BV1B5zSBeEbD,这个东北零下20度的“冰雪王国”，凭什么美食这么硬核？,904570,43923,17720,9839,7573,这个东北零下20度的 冰雪王国  凭什么美食这么硬核,0,-1
BV1B9z4BBETS,NEGA1.0.124,314817,34506,701,6745,4394,NEGA1 0 124,9,-1
BV1bAzvB1E9p,丙测评 | 张雪500F 网上争议全解答 比500RR好骑,109929,7419,5899,1323,589,丙测评   张雪500F 网上争议全解答 比500RR好骑,3,-1
BV1bFk7BvEYH,论父母的囤积癖！,9416962,235545,5783,68796,983,论父母的囤积癖,5,-1
BV1BgzPBzEd2,如何在家用黄豆制造肉饼,731190,61265,25473,14475,887,如何在家用黄豆制造肉饼,5,-1
BV1BizDBMELR,离大谱 咖啡机都给用冒烟了？放假回暖营业额再破3000,241863,13626,7620,1270,234,离大谱 咖啡机都给用冒烟了 放假回暖营业额再破3000,3,-1
BV1BjzKBVEcr,随机抓的保安大叔秒变豪门总裁,1306649,192056,3156,14573,1441,随机抓的保安大叔秒变豪门总裁,3,-1
BV1BVzKBLEtc,我本科的时候,1795943,87362,1590,5330,436,我本科的时候,4,-1
BV1bWzeBGEki,一丝神性,109434,15481,768,2305,1524,一丝神性,5,-1
BV1bXzDB4Ek1,史上最大回旋镖！各平台为何疯抢B站UP主？,902688,45503,13773,13910,2311,史上最大回旋镖 各平台为何疯抢B站UP主,8,-1
BV1bXzUBUEiE,让我带你了解真正的人联！人类永存的盾！,598980,59040,1586,13247,757,让我带你了解真正的人联 人类永存的盾,6,-1
BV1BzzDBKEN2,【调调老师小课堂】阴暗少年氛围如何调整？,591680,75356,3204,11017,1229,调调老师小课堂 阴暗少年氛围如何调整,3,-1
BV1c7zYBtEfX,【终末地】武陵毕业基建 摆完挂机 简单好抄 息壤装备原件/低容谷地电池/息壤/芽针针剂,313059,12748,9122,8642,1551,终末地 武陵毕业基建 摆完挂机 简单好抄 息壤装备原件 低容谷地电池 息壤 芽针针剂,2,-1
BV1cBzCB9E3s,他又来撞墙了，这次直接干趴下，隔壁家也得吃,718096,23396,1531,2173,559,他又来撞墙了 这次直接干趴下 隔壁家也得吃,6,-1
BV1cDzQBmEmF,大学生期末复习现状,445325,45217,1242,3544,1397,大学生期末复习现状,5,-1
BV1cDzQBmEsS,一刀秒杀韩立！怒氪两万挑战霸服仙遇！,448933,9581,3828,3829,1077,一刀秒杀韩立 怒氪两万挑战霸服仙遇,3,-1
BV1cEzyB4E3w,夹板夹卷底层手法解析 动画+真人演示,724921,63160,7440,63519,3017,夹板夹卷底层手法解析 动画 真人演示,1,-1
BV1CFzBB5EUQ,【终末地一条龙全收集】武陵-武陵城丨宝箱丨醚质丨故障机器人丨装备箱丨采录桩丨明日方舟终末地丨武陵城持续更新中,52358,4131,1398,1403,122,终末地一条龙全收集 武陵 武陵城丨宝箱丨醚质丨故障机器人丨装备箱丨采录桩丨明日方舟终末地丨武陵城持续更新中,7,-1
BV1CGzkBQEFm,「小白」全隐身！这个流氓App让各品牌手机全军覆没？,549661,39994,24699,12720,7481,小白 全隐身 这个流氓App让各品牌手机全军覆没,5,-1
BV1cGzMBREV6,《杰瑞：法庭上禁止出现“ 哥 谭 超 人 ”啊！！》—梅林案·上,997212,31293,1511,15717,173,杰瑞 法庭上禁止出现  哥 谭 超 人  啊    梅林案 上,1,-1
BV1cHzcBvEuC,我通关了学校03,7936784,285282,27976,159609,5399,我通关了学校03,4,-1
BV1cjk7B9EB1,《老婆给别人生孩子怎么办? 直接绑走!》,3082770,125121,1825,13794,848,老婆给别人生孩子怎么办  直接绑走,8,-1
BV1cKzPBVEur,这场仗，我们必须打。,5171883,197098,46219,65834,5318,这场仗 我们必须打,6,-1
BV1cLzYBfEY4,不知道，小宝修BUG的手法很曼妙😏,167885,7945,562,4282,2264,不知道 小宝修BUG的手法很曼妙,6,-1
BV1CMzMB4EG6,【重音テト/中文填词翻调】混沌布吉 || 😡👊犯贱？一拳打死！👊😡,486458,78972,4666,43454,2912,重音   中文填词翻调 混沌布吉      犯贱 一拳打死,1,-1
BV1CozcB6EBq,《野球场怪物房》,1135554,71440,2656,5858,1085,野球场怪物房,5,-1
BV1cozkBXEAr,第一视角领百大之（Tim要送大家三千万）,556118,38903,599,1909,181,第一视角领百大之 Tim要送大家三千万,6,-1
BV1cqzCBsEJ7,老年管理员大战超雄机器人!,2157091,150741,2519,29893,2638,老年管理员大战超雄机器人,2,-1
BV1cqzCBsEQ2,怎么又给绑上了,394107,54427,16661,20791,1612,怎么又给绑上了,6,-1
BV1CRzYBwEC4,动力、操控、科技，电车时代性能应该如何掌控？【阿Test正经比比】,316037,9666,1106,1963,358,动力 操控 科技 电车时代性能应该如何掌控  阿Test正经比比,3,-1
BV1CRzYBwEgq,我能像《传说之下》和平线一样通关杀戮尖塔吗,96685,7007,2934,1610,987,我能像 传说之下 和平线一样通关杀戮尖塔吗,6,-1
BV1cs6uBbEf6,说什么呢哥们？,132467,17787,7697,5172,268,说什么呢哥们,6,-1
BV1cTzPBkEmL,【终末地】基建作业-四号谷地！开荒&毕业蓝图（包含前期/中期/后期）,3359749,58280,45276,112310,27929,终末地 基建作业 四号谷地 开荒 毕业蓝图 包含前期 中期 后期,2,-1
BV1cUzSB3EiU,陈千语：偶尔给你看下我高帧率的样子！,548446,58753,872,12315,3105,陈千语 偶尔给你看下我高帧率的样子,6,-1
BV1cvzuBZEEX,【NBA梗百科】张杰喜欢詹姆斯是什么梗？！,1764112,85632,3827,9957,24816,NBA梗百科 张杰喜欢詹姆斯是什么梗,0,-1
BV1CwzKBXE41,我能进入你的内心深处。,164076,5983,1104,649,165,我能进入你的内心深处,6,-1
BV1CWzNBSEYD,对抗路迎来大变2.0,808095,33393,878,1565,503,对抗路迎来大变2 0,9,-1
BV1D5zEBAELo,脆皮五花肉,2807168,73881,2896,58639,4426,脆皮五花肉,5,-1
BV1D8kLBKEZJ,什么叫马路爽文？,4878622,274613,3610,16234,1784,什么叫马路爽文,5,-1
BV1D9zEBiEEy,“天上星河转，人间帘幕垂”,3112205,833439,158197,223356,21812,天上星河转 人间帘幕垂,6,-1
BV1dAzXBBEoJ,一秒变异！G18战神再创奇迹，清图夺舍6头6甲，1443万撤离！,914247,36286,714,4624,802,一秒变异 G18战神再创奇迹 清图夺舍6头6甲 1443万撤离,3,-1
BV1Dbz4BREGs,不是，她凭什么骂我啊？,325811,35334,768,1897,638,不是 她凭什么骂我啊,6,-1
BV1DBzhBNEHw,开播一集就因尺度太大冲上热搜！这竟然是央视播的剧？,962397,40778,6440,7723,3040,开播一集就因尺度太大冲上热搜 这竟然是央视播的剧,8,-1
BV1dCzrBrEZU,3分钟超神 6分钟投降,1075767,55395,950,5598,2088,3分钟超神 6分钟投降,1,-1
BV1dEz4BaEwT,🐧你们也就网上说说了🐧,691332,50952,679,5653,8530,你们也就网上说说了,6,-1
BV1dFzEBkEpf,兄弟不犯2次错,2867380,64756,1428,3767,185,兄弟不犯2次错,6,-1
BV1DizhBiEWP,冰层下的鱼儿恐怕难以过冬，给它们换一个新场地,585896,46091,8881,4101,428,冰层下的鱼儿恐怕难以过冬 给它们换一个新场地,4,-1
BV1dkzDBPE6C,终末地现状,666290,41922,648,6273,37792,终末地现状,5,-1
BV1dkzDBPE7y,【无畏契约】霓虹暴走？世界观颠覆！深海明珠地图故事,477994,25963,1127,6192,359,无畏契约 霓虹暴走 世界观颠覆 深海明珠地图故事,7,-1
BV1dNzCBjEQ6,双人电竞房终极方案！一机两用的情侣桌搭？追风者EVOLV X2 像素版机箱也太合适了,590620,23981,4757,6944,739,双人电竞房终极方案 一机两用的情侣桌搭 追风者EVOLV X2 像素版机箱也太合适了,3,-1
BV1dPzrBuE6G,我们的老师vs我们当老师,1600151,130597,1389,6807,1871,我们的老师vs我们当老师,6,-1
BV1DQzTBMEWd,解决了胡彦斌歌声和形象不匹配的问题...胡彦斌老师对不起！,1245697,34708,3927,5291,8347,解决了胡彦斌歌声和形象不匹配的问题   胡彦斌老师对不起,6,-1
BV1dszMB1EJJ,区区蟑螂慌个啥，什么，是广州的？？,8549591,185706,11694,75890,20885,区区蟑螂慌个啥 什么 是广州的,0,-1
BV1dtzYBSE9m,要命 霉菌房真的太可怕了,188586,4761,611,1933,734,要命 霉菌房真的太可怕了,0,-1
BV1dtzYBSExZ,最晚开播！最速封神？！这作品就是真正的版本答案！【1月新番吐槽】,414815,17379,3497,6919,1756,最晚开播 最速封神  这作品就是真正的版本答案  1月新番吐槽,1,-1
BV1DuzDBdEce,《无限暖暖》2.2版本套装PV | 万相渡浮生&九色亦尘心,1149038,35599,4902,5039,2907,无限暖暖 2 2版本套装PV   万相渡浮生 九色亦尘心,7,-1
BV1dwzDBhEEo,国青U23对阵日本，计划虽未至，未来仍可期,1159986,51261,2217,3321,638,国青U23对阵日本 计划虽未至 未来仍可期,1,-1
BV1dwzXBuEpm,融入互联网思维的印度冰淇淋，实现病毒式传播！,906734,58676,2720,3297,1659,融入互联网思维的印度冰淇淋 实现病毒式传播,8,-1
BV1DxzPBbE3H,歌剧老师锐评韩团aespa、Baby Monster、NCT DREAM、休宁凯+章昊+SOHEE+申惟 live现场,639743,28554,10708,7236,3324,歌剧老师锐评韩团aespa Baby Monster NCT DREAM 休宁凯 章昊 SOHEE 申惟 live现场,9,-1
BV1e2zDBhEAe,终末地也有摆完挂机？卡双倍炮台？超高效率无限刷！,772836,47002,3792,47928,31920,终末地也有摆完挂机 卡双倍炮台 超高效率无限刷,7,-1
BV1e3zFBpEa4,买衣服真的有那么难吗？？？？,800892,52487,981,21821,1650,买衣服真的有那么难吗,0,-1
BV1E3zSBiEhM,警员执法遭遇惊天事故，惹到超级少爷，下场比死还惨！,412680,14447,1144,3367,642,警员执法遭遇惊天事故 惹到超级少爷 下场比死还惨,8,-1
BV1E5zSBeEhZ,50万粉丝也能拿百大吗？你绝对没见过的百大盛典 vlog！,879830,57166,30975,6990,1350,50万粉丝也能拿百大吗 你绝对没见过的百大盛典 vlog,1,-1
BV1E6zaBXECW,老板都在办公室里干什么？,192331,11338,2653,1565,173,老板都在办公室里干什么,0,-1
BV1E7zQBgEWQ,不是！我发现了新的画法！！,888395,84519,2154,6435,636,不是 我发现了新的画法,6,-1
BV1E8zxBKEB7,我命令你！现在马上成为我的主人！,912168,85809,1161,21339,6806,我命令你 现在马上成为我的主人,6,-1
BV1eCzDBYEgH,结婚3年，第一次感受到老公真不太行了,471632,20550,17499,3971,1421,结婚3年 第一次感受到老公真不太行了,6,-1
BV1Edz6ByE1s,个体资源的有限性与表达,855431,81730,2794,7105,1094,个体资源的有限性与表达,5,-1
BV1EHzkB2EBQ,上联：马伊琍马年选伊利,3378515,10183,893,1318,1597,上联 马伊琍马年选伊利,3,-1
BV1EjzbBkEhd,达拉斯暴雪预警！超市又被抢空了...Ivy的包饺子教程！,75850,8648,8442,1322,108,达拉斯暴雪预警 超市又被抢空了   Ivy的包饺子教程,3,-1
BV1eo6MBmEvp,靠近一点点❤,108254,23361,1181,8277,347,靠近一点点,4,-1
BV1EozMB9E6w,这是“天衣无缝”的陷阱！,1374007,66558,5283,11889,234,这是 天衣无缝 的陷阱,4,-1
BV1EozQBCEts,【鄧紫棋的VLOG】I AM GLORIA世界巡演 - 广州跨年站篇,75354,12206,9749,4714,2962,鄧紫棋的VLOG I AM GLORIA世界巡演   广州跨年站篇,1,-1
BV1ePzzBhEnN,如果和你担结婚的代价是不能玩手机，你愿意吗？,1565253,72269,2154,4024,2714,如果和你担结婚的代价是不能玩手机 你愿意吗,0,-1
BV1EszvBhECB,【失败者动画】蜜蜂的复仇,257841,22854,1055,8189,103,失败者动画 蜜蜂的复仇,1,-1
BV1EtzWBfEbe,管理员：这…真的能恢复记忆吗啊啊啊啊啊——【明日方舟：终末地】,1198893,100077,10088,45874,7279,管理员 这 真的能恢复记忆吗啊啊啊啊啊   明日方舟 终末地,7,-1
BV1EwzCBEEpG,“寿命论”,263260,37095,667,5634,887,寿命论,5,-1
BV1eXzeBpEfe,【1月】中国在海外十大最火的相关内容（事件）&ep.1,274923,12838,2681,2085,318,1月 中国在海外十大最火的相关内容 事件  ep 1,1,-1
BV1ExzWBcESL,走街串巷的小货郎,211570,10803,609,903,234,走街串巷的小货郎,5,-1
BV1EzzaBWEDM,宿舍爆改密室第二期《寝室飓封》,130616,12048,3592,2304,1069,宿舍爆改密室第二期 寝室飓封,1,-1
BV1F1zVBBEp7,服务员索要差评？！不给还硬要！！,2778654,136916,534,5274,1164,服务员索要差评  不给还硬要,0,-1
BV1F4zvBFEhP,你或许在找更对味的中文版ReDreaming Angel...？,58617,7266,2459,2359,693,你或许在找更对味的中文版ReDreaming Angel,6,-1
BV1faz5BNEpQ,再坚持一下 外一就成功了呢！,6305272,301211,14594,16269,8590,再坚持一下 外一就成功了呢,6,-1
BV1FazNB5EUg,“感觉老一辈昭和奥最喜欢零帧起手！”,2297884,159065,9947,68691,6661,感觉老一辈昭和奥最喜欢零帧起手,6,-1
BV1fbzqBvEGs,【终末地】谷地基建终极答案，效能美观全都要,42924,2422,1453,2199,525,终末地 谷地基建终极答案 效能美观全都要,3,-1
BV1FEzYBoEgT,不 默 契 测 试,401021,33839,570,664,177,不 默 契 测 试,6,-1
BV1FEzYBoEV4,赛博神话动作游戏《蝼蚁之城》丨首部预告片,405404,7313,1018,1832,2085,赛博神话动作游戏 蝼蚁之城 丨首部预告片,7,-1
BV1FFzpBFE54,BBOX不捂嘴能有多抽象？,4625511,230593,3127,19353,4567,BBOX不捂嘴能有多抽象,6,-1
BV1FFzpBFEdu,【终末地一条龙全收集】枢纽区/宝箱/醚质/调查点/修复/机器人/采录桩/工业点数/情报/枢纽区/四号谷地/明日方舟：终末地,3931550,106564,42776,98790,18473,终末地一条龙全收集 枢纽区 宝箱 醚质 调查点 修复 机器人 采录桩 工业点数 情报 枢纽区 四号谷地 明日方舟 终末地,2,0
BV1fizrBjE84,明知山有虎偏上虎山行，预料到会去你店里、你还敢卖！,306241,15492,1025,1531,894,明知山有虎偏上虎山行 预料到会去你店里 你还敢卖,6,-1
BV1FizTBJEP6,终于赶上了…真是走了好远的路啊…,1487709,70545,1436,11912,468,终于赶上了 真是走了好远的路啊,6,-1
BV1fJzhB7EoB,王蝉让柱   【凡人外传】,417680,24820,4695,2606,2637,王蝉让柱    凡人外传,1,-1
BV1Fkz1BfEvA,🍎旮旯game里是这么表白的吗？？,945542,117392,31906,22687,2637,旮旯game里是这么表白的吗,6,-1
BV1fkzaBHEh4,稲葉曇『スポットレイト』Vo. 歌愛ユキ / 稻叶昙 - Spot Late (Vo. 歌爱雪),174782,32949,15519,20553,6541,稲葉曇         Vo  歌愛     稻叶昙   Spot Late  Vo  歌爱雪,9,-1
BV1FMz4BgEZX,蛋仔派对：读评论第一期，兔仙真的没有秃！,693417,17198,961,18879,15,蛋仔派对 读评论第一期 兔仙真的没有秃,6,-1
BV1FnzYBxEFE,中亚醋王来到山西该怎么吃？好心大哥带我在太原早市寻得焚决！,121699,9964,1957,824,338,中亚醋王来到山西该怎么吃 好心大哥带我在太原早市寻得焚决,3,-1
BV1fRzSBKEdx,【终末地】四号谷地基建中期小毕业到后期大毕业蓝图 摆完挂机 简单好抄,1672884,54234,28855,72402,10441,终末地 四号谷地基建中期小毕业到后期大毕业蓝图 摆完挂机 简单好抄,3,-1
BV1fszvB8Esh,什么是有限公司？,522086,48424,680,13827,762,什么是有限公司,5,-1
BV1ftzABMEpy,全都不准笑！,1551897,116733,1813,12750,7586,全都不准笑,5,-1
BV1ftzvBtEB7,员工都比老板急！   这样的躺平式工作哪里找？（完整版）,259091,13541,909,2278,1807,员工都比老板急    这样的躺平式工作哪里找  完整版,0,-1
BV1FuzPB3ERc,敢卖1799美金的蝙蝠侠人偶有多离谱？！,638426,37082,981,7628,4203,敢卖1799美金的蝙蝠侠人偶有多离谱,0,-1
BV1FVzKBjEJN,关于手机AI这个事，实在不行苹果抄一下千问吧！,759504,21885,1713,2837,158,关于手机AI这个事 实在不行苹果抄一下千问吧,6,-1
BV1FW6uBFEQ6,【终末地一条龙全收集】武陵城(缓慢更新中)/宝箱/醚质/调查点/机器人/采录桩/工业点数/情报/武陵城/武陵/明日方舟：终末地,89390,5684,2826,2194,251,终末地一条龙全收集 武陵城 缓慢更新中  宝箱 醚质 调查点 机器人 采录桩 工业点数 情报 武陵城 武陵 明日方舟 终末地,2,0
BV1fXzLBzEPD,关于我被观众精准确诊这件事...,1475373,37820,845,1566,167,关于我被观众精准确诊这件事,6,-1
BV1fxzvBfEvQ,只要3秒就能通关的游戏,118712,11429,577,1029,231,只要3秒就能通关的游戏,4,-1
BV1G4zLBtEAn,【巫师】赵露思的资本博弈，第一季,645849,22509,7891,8450,2628,巫师 赵露思的资本博弈 第一季,1,-1
BV1g4zSBxEdw,好吧，我摊牌了，我们是和平大厅路匹的队友！,1409720,98257,833,8419,5185,好吧 我摊牌了 我们是和平大厅路匹的队友,6,-1
BV1G6zvBnEoi,【萌黄一槽】旗木卡卡西[神威对决]全技能爆料，终结执念的宿命对决！,1977640,98829,11254,24147,52230,萌黄一槽 旗木卡卡西 神威对决 全技能爆料 终结执念的宿命对决,3,-1
BV1G6zWBDEDh,“做局3”,1236344,51179,1728,17497,290,做局3,9,-1
BV1g9z8BKEkv,特厨探店|网上没信息 全靠熟人推？！出品还好的—浩南家家常菜,859132,68935,4305,4962,1033,特厨探店 网上没信息 全靠熟人推  出品还好的 浩南家家常菜,3,-1
BV1gCzvBEEyp,你就说咱这个一秒入画，怎么样！！！这个灯光，这个舞姿，这个氛围！迷不迷人吧！#跳舞#一秒入画#古典舞#落了白#抽象,1219513,57789,690,1142,346,你就说咱这个一秒入画 怎么样   这个灯光 这个舞姿 这个氛围 迷不迷人吧  跳舞 一秒入画 古典舞 落了白 抽象,6,-1
BV1gczYBuEqj,美军大兵压境，伊朗还剩哪些底牌？,428446,17891,2910,3633,622,美军大兵压境 伊朗还剩哪些底牌,8,-1
BV1gHz1BVEc6,肮脏的行业：《猫咖》（字面意思）,178668,18129,6212,1051,296,肮脏的行业  猫咖  字面意思,5,-1
BV1ghzQBhEoE,【i-dle】 'Mono (Feat. skaiwater)' M/V Teaser,387642,25395,7849,4084,1695,i dle   Mono  Feat  skaiwater   M V Teaser,9,-1
BV1ghzSBXEVg,我们造出了竖着飞行的剑，还用飞剑给村民们送快递！,462452,17147,2399,2818,607,我们造出了竖着飞行的剑 还用飞剑给村民们送快递,4,-1
BV1GkzABfEcr,鲁豫对话范晓萱：只想当一个「过客」，但也要当得漂亮｜陈鲁豫·慢谈EP12【视频播客】,505758,11816,5159,6746,2851,鲁豫对话范晓萱 只想当一个 过客  但也要当得漂亮 陈鲁豫 慢谈EP12 视频播客,1,-1
BV1GQzrBTEaA,和俭条的绝美双榨组合，对面全装红温1987%,1598375,63288,1679,26304,986,和俭条的绝美双榨组合 对面全装红温1987,4,-1
BV1GrzxBZE9X,你懂赵露思吗？,3009604,137188,26641,35160,7612,你懂赵露思吗,6,-1
BV1GtzQBYELj,600人欠我爸钱，要账过程百花齐放，比电视剧还精彩,780530,86824,3336,4594,385,600人欠我爸钱 要账过程百花齐放 比电视剧还精彩,8,-1
BV1gw6TBiEMG,口口声声重启“黄金时代”，英国人要来东大访问啦,87205,6702,803,782,44,口口声声重启 黄金时代  英国人要来东大访问啦,8,-1
BV1Gxz4BZEB2,为了庆祝日本队的胜利在沈阳吃锅包肉,798150,58200,1802,3861,3586,为了庆祝日本队的胜利在沈阳吃锅包肉,4,-1
BV1GXzaByEfM,这就是00后的默契吗？！！,182353,14294,3006,4882,108,这就是00后的默契吗,6,-1
BV1GXzaByEn6,给自己听笑了,331830,32768,2683,5912,9221,给自己听笑了,6,-1
BV1gxzmBEEng,全新海克斯：骄行荡寇！海斗就该这么设计啊！娱乐和强度并存的满分海克斯！,1751954,36407,558,1196,9162,全新海克斯 骄行荡寇 海斗就该这么设计啊 娱乐和强度并存的满分海克斯,7,-1
BV1GYzkBuEXT,比癌症更绝望的感染：它从鼻腔潜入，一周内啃光你的大脑,1278320,14189,618,10287,32,比癌症更绝望的感染 它从鼻腔潜入 一周内啃光你的大脑,0,-1
BV1gZz8BYE3r,【漫士】看完这个视频，你会质疑所有的因果关系,402984,26145,5996,15688,2045,漫士 看完这个视频 你会质疑所有的因果关系,6,-1
BV1h4zKBiEZL,幻影忍者15周年，全员合唱《The Weekend Whip》,545916,102302,50923,52097,10908,幻影忍者15周年 全员合唱 The Weekend Whip,9,-1
BV1H6zeBhEnW,第一次以箱为单位买捏捏 沉浸式开箱一千元的捏捏,98898,6891,1074,1630,166,第一次以箱为单位买捏捏 沉浸式开箱一千元的捏捏,5,-1
BV1H9zkB9Ete,谁能告诉德柱到底咋的了,761161,65327,4094,6056,721,谁能告诉德柱到底咋的了,6,-1
BV1hc6TBTE4z,我国首个星际航行学院，正式成立！,125003,12162,680,1822,2554,我国首个星际航行学院 正式成立,3,-1
BV1hDzDBZEag,【萌黄一槽】宇智波斑[神驹佑将]全技能爆料！戟锋所向，皆为灰烬！,2408854,104646,11026,26266,78317,萌黄一槽 宇智波斑 神驹佑将 全技能爆料 戟锋所向 皆为灰烬,7,-1
BV1HE6TBRE34,【i-dle】 'Mono (Feat. skaiwater)' Official Music Video,197266,30931,28692,12003,9467,i dle   Mono  Feat  skaiwater   Official Music Video,9,-1
BV1HezaBoEFt,“妈 今年新年 等我回家”,1390569,70756,39638,14649,2075,妈 今年新年 等我回家,6,-1
BV1hfzaB6Eg7,甄子丹甩棍VS谢霆锋蝴蝶刀！陈木胜导演遗作！重温经典动作警匪《怒火·重案》,187972,9795,2973,2941,207,甄子丹甩棍VS谢霆锋蝴蝶刀 陈木胜导演遗作 重温经典动作警匪 怒火 重案,1,-1
BV1hFzHBgEjj,我敢说这是电锯人最难绷的配音,835520,85059,8860,26774,8910,我敢说这是电锯人最难绷的配音,4,-1
BV1hHzeBCEY5,三国杀up锐评三国ACG：谁才是称帝之资？,126460,6890,1155,812,150,三国杀up锐评三国ACG 谁才是称帝之资,8,-1
BV1hizkBKEg4,😐你猜我匹配到了谁？🧑‍🚀,450574,31199,2797,10505,1219,你猜我匹配到了谁,6,-1
BV1hizMBMEez,川普的长生不老药，为何他的手背一直有淤青,322954,8829,2491,5182,939,川普的长生不老药 为何他的手背一直有淤青,0,-1
BV1HJkJB8Ecj,⚡商 业 鬼 才⚡,3296267,138673,21738,23117,11434,商 业 鬼 才,5,-1
BV1hjzrBcEg7,今年你回家过年吗？记忆中的年味还记得吗？回忆我的三个马年后才发现。。。,565565,51181,7023,2601,944,今年你回家过年吗 记忆中的年味还记得吗 回忆我的三个马年后才发现,0,-1
BV1HkzeBFELK,陈翔六点半：有内鬼，终止碰杯,727853,25846,3090,1818,642,陈翔六点半 有内鬼 终止碰杯,1,-1
BV1HLzYBfEuL,鹰角的爱情美学：传奇寡妇感重女庄方宜，小庄恋爱线解析,629287,30936,6310,11804,15157,鹰角的爱情美学 传奇寡妇感重女庄方宜 小庄恋爱线解析,1,-1
BV1hn6KBeEA5,【26年2月·年货节电脑配置推荐】独家写配！一对一给你想要的配置！同时万字盘点22套版本装机答案，涵盖3K~3W价位，高手请品鉴，小白抄作业，不讲废话！,62909,3827,1019,1117,32,26年2月 年货节电脑配置推荐 独家写配 一对一给你想要的配置 同时万字盘点22套版本装机答案 涵盖3K 3W价位 高手请品鉴 小白抄作业 不讲废话,3,-1
BV1hnzeB5EkX,最准的预言，居然出自一个骗子之口。【十级学者详解武林外传24-1】,159587,8319,3461,1587,128,最准的预言 居然出自一个骗子之口  十级学者详解武林外传24 1,7,-1
BV1hnzFBjEhu,“坝坝博弈3.0”,910039,53726,3296,25847,4783,坝坝博弈3 0,9,-1
BV1HqzeBYEQ5,2026明日方舟新春会「千灯望春」先导预告,97533,16735,5273,2983,2654,2026明日方舟新春会 千灯望春 先导预告,1,-1
BV1Hr6MBZEx3,泪目了！果宝战神合体！集结战宝终于来了！壹理创玩 香橙战宝 菠萝战宝 小果战宝七合体果宝战神,51603,3544,812,924,1091,泪目了 果宝战神合体 集结战宝终于来了 壹理创玩 香橙战宝 菠萝战宝 小果战宝七合体果宝战神,3,-1
BV1HSzQBEEk8,郎朗《土耳其进行曲》魔法钢琴版,696163,86961,12191,6019,1910,郎朗 土耳其进行曲 魔法钢琴版,9,-1
BV1HszxBzEfm,在2000多米高空 建座“会飞的”发电站,272083,17939,2553,3406,2341,在2000多米高空 建座 会飞的 发电站,4,-1
BV1HUzSB3EsJ,清远.湖畔山庄 厨子探店¥392,481895,37959,907,2784,1433,清远 湖畔山庄 厨子探店 392,3,-1
BV1hwzvBjEV9,【莱万汀高燃PV】“我尚未全力一搏，又试问谁能阻挡？”【明日方舟终末地/三国杀势魏延】,268222,36366,3861,7690,18283,莱万汀高燃PV  我尚未全力一搏 又试问谁能阻挡   明日方舟终末地 三国杀势魏延,7,-1
BV1hXzDB4EcM,听说你们想看我穿塑料瓶？,650661,83496,10407,6230,329,听说你们想看我穿塑料瓶,6,-1
BV1HXzkBsE6q,《无限暖暖》2.2版本PV | 九色万相生,1393355,39356,10052,4811,5454,无限暖暖 2 2版本PV   九色万相生,7,-1
BV1hYz6B8EFh,500人群里499个是拖 揭秘诈骗假软件,436573,12015,613,4645,2382,500人群里499个是拖 揭秘诈骗假软件,8,-1
BV1HYzTBHEJr,《 神 人 视 频 》,675220,45458,10713,6672,3947,神 人 视 频,5,-1
BV1i2zaBUEdm,外卖的名义,131707,5484,1451,1722,1655,外卖的名义,5,-1
BV1i36MBEEUo,"戴着面具COS少女给哥们庆生,没想到是他更社牛👍",15715,3004,1282,1278,98,戴着面具COS少女给哥们庆生 没想到是他更社牛,0,-1
BV1i3zeBnEcD,基米不想走（翻唱）,95793,9623,1443,643,320,基米不想走 翻唱,9,-1
BV1i6zDBvE9T,尼神双五杀！Falcons晋级决赛！看得太爽了！,304594,29942,796,2067,2754,尼神双五杀 Falcons晋级决赛 看得太爽了,3,-1
BV1ibzyBUEaS,二重身(中文字幕) / 春卷饭 feat.初音未来,142438,22708,13661,15547,4303,二重身 中文字幕    春卷饭 feat 初音未来,1,-1
BV1iDz3BxEYS,【终末地】基建作业-武陵城！开荒&毕业蓝图（包含前期/中期/后期）,1160476,19602,16189,35799,6462,终末地 基建作业 武陵城 开荒 毕业蓝图 包含前期 中期 后期,2,-1
BV1iizUB8EG8,一个普通人28年的创作成长史,240566,25955,1104,7019,163,一个普通人28年的创作成长史,5,-1
BV1iizxBwEo9,【终末地】最强毕业基建！少用两个据点居然能顶满效率？,1710488,102603,49766,149139,24818,终末地 最强毕业基建 少用两个据点居然能顶满效率,3,-1
BV1iszkBCEwn,我是特别的嘛…,214251,64236,2593,17328,1853,我是特别的嘛,6,-1
BV1iszMB1Ea8,音乐一响 美食登场,1404764,221861,15411,20782,911,音乐一响 美食登场,1,-1
BV1iUzpBxEnt,2025年，收入真相：月薪5000元，是什么水平？,1329909,42976,4968,10106,2945,2025年 收入真相 月薪5000元 是什么水平,0,-1
BV1j1zaBJEw5,伏笔细节全回收，最后一秒神反转！这剧越看越上头！《海市蜃楼》第五期,443291,22635,12031,5816,369,伏笔细节全回收 最后一秒神反转 这剧越看越上头  海市蜃楼 第五期,1,-1
BV1j2zaBUEsy,这是我近3年看过最好看得惊悚电影《8号出口》,191411,5578,1369,3262,532,这是我近3年看过最好看得惊悚电影 8号出口,1,-1
BV1J5zQBGEjS,10元 vs 300元｜东北菜自助差价30倍，到底差在哪？,341530,28414,20153,3146,620,10元 vs 300元 东北菜自助差价30倍 到底差在哪,0,-1
BV1j5zSBeEUC,号称深圳第一的酒店，4500元一晚体验怎么样?,545744,27989,4684,2162,686,号称深圳第一的酒店 4500元一晚体验怎么样,0,-1
BV1J6zaBXEEB,我遇到的无法解释的故事！纯属娱乐！紫妹们别怕！,76274,8121,1721,1537,789,我遇到的无法解释的故事 纯属娱乐 紫妹们别怕,3,-1
BV1JAz1BxERh,[终末地/赤石科技] 仓库不够放?试试这个!(不是),1095257,66841,1742,17857,20194,终末地 赤石科技  仓库不够放 试试这个  不是,6,-1
BV1Jdz6ByEYz,和闺蜜吃超香东北烧烤，没想到震惊姐俩的是这口酸菜！,502046,27478,12865,2670,743,和闺蜜吃超香东北烧烤 没想到震惊姐俩的是这口酸菜,0,-1
BV1jDzeB9EHu,【终末地】最好抄毕业基建！懒狗超级福音！,379321,28902,5678,42285,2753,终末地 最好抄毕业基建 懒狗超级福音,3,-1
BV1JEk7BpEq9,石头剪子布(技能版）,3518646,127731,16974,36738,1552,石头剪子布 技能版,7,-1
BV1jezxBYEPS,【前击】庄园往事：前锋虐恋,104975,12573,570,1674,3385,前击 庄园往事 前锋虐恋,2,-1
BV1JFzCBSEdG,【高二】导数公式+切线+单调性极值！一课搞定！,456906,53739,3175,16780,1602,高二 导数公式 切线 单调性极值 一课搞定,3,-1
BV1JfzkBnEmC,我真服了！哪个好人家这么抽赏的？,1522274,42399,17180,25530,643,我真服了 哪个好人家这么抽赏的,6,-1
BV1JfzkBnEZu,咒术回战modulo第19话完整解说：穿血！,763336,36826,2546,4014,2606,咒术回战modulo第19话完整解说 穿血,7,-1
BV1jFzXBrEmV,食人族竟被人类学家吓晕？！【普罗社】,222401,20575,727,6498,285,食人族竟被人类学家吓晕   普罗社,5,-1
BV1JhztBVE81,在30年前中国长大是什么体验？😱,298998,12972,3196,1811,308,在30年前中国长大是什么体验,0,-1
BV1jizxBwEnL,笑了十分钟才敢发出来,546180,49935,6199,10716,12751,笑了十分钟才敢发出来,4,-1
BV1jizxBwETU,《憩》pt.1：雪中对饮与未竟之歌,1363924,152368,28983,22776,7038,憩 pt 1 雪中对饮与未竟之歌,9,-1
BV1JkzaBHEnY,16人格刚认识和认识很久后…,121783,11581,1696,2786,1008,16人格刚认识和认识很久后,4,-1
BV1JkzaBpETo,储量世界第一，产量却不到全球1%？委内瑞拉的石油到底有多难炼？【差评君】,200553,11486,1402,2552,552,储量世界第一 产量却不到全球1  委内瑞拉的石油到底有多难炼  差评君,0,-1
BV1jkzzBvEcB,采访lol程序员：蛇天帝如何做到-21亿移速？BLG.ON日女抗塔bug是什么导致？,401134,10243,634,810,493,采访lol程序员 蛇天帝如何做到 21亿移速 BLG ON日女抗塔bug是什么导致,3,-1
BV1JLzMBXENd,重新定义网吧吃鸡，再来一份香肠鸡蛋泡面！,291298,13762,1142,1244,299,重新定义网吧吃鸡 再来一份香肠鸡蛋泡面,1,-1
BV1JLzQBrEAq,印度部长自信宣称：中美印三强鼎力引领全球发展! 主持人绷不住了：这是在录不要笑挑战吗！ 印度专家发表暴论：印度不会被中国攻击，因为他们不想扶贫！,157252,8459,774,758,60,印度部长自信宣称 中美印三强鼎力引领全球发展  主持人绷不住了 这是在录不要笑挑战吗  印度专家发表暴论 印度不会被中国攻击 因为他们不想扶贫,8,-1
BV1JRz6BLEve,随机街头粉丝带千金吃辣，辣到千金666等你来拿,955891,55554,800,4915,187,随机街头粉丝带千金吃辣 辣到千金666等你来拿,3,-1
BV1jWzkBLEX4,我们在MC中发明了人形大炮？！【MC动画短片】,517891,46109,5330,31779,321,我们在MC中发明了人形大炮   MC动画短片,9,-1
BV1jWzQBKEg5,只靠房卡的物资，达到一个小目标，到底需要多久呢,982230,31883,1486,8775,143,只靠房卡的物资 达到一个小目标 到底需要多久呢,0,-1
BV1JWzvBwEhb,把爱融进紫色里，每一缕都是藏不住的深情。,251461,42424,840,906,66,把爱融进紫色里 每一缕都是藏不住的深情,6,-1
BV1Jy6MBdEZN,《阴阳师》马年新春版本丨特别前瞻,117060,5585,2360,630,3936,阴阳师 马年新春版本丨特别前瞻,3,-1
BV1JzzaBWEut,【桃黑黑】《红娘大师》P10：if线！黑娘小师来了,159247,9535,4460,1847,145,桃黑黑  红娘大师 P10 if线 黑娘小师来了,1,-1
BV1jzzNBzEvg,洗屁股还洗的这么正大光明？,2833967,49373,567,3676,277,洗屁股还洗的这么正大光明,6,-1
BV1k1zKBWEX8,JOJO载具杀手大统计！谁是JOJO系列事故大王？二乔数据非常令人意外！,135086,9015,774,1660,150,JOJO载具杀手大统计 谁是JOJO系列事故大王 二乔数据非常令人意外,1,-1
BV1K6zSB2EpS,说她没脑子吧，她又知道想办法！,1520877,55163,7514,3700,4150,说她没脑子吧 她又知道想办法,6,-1
BV1k6zsBzE8q,"请给我208,770元 [明日方舟终末地 meme Can You Send Me 30K?]",1050290,77406,8314,30969,9043,请给我208 770元  明日方舟终末地 meme Can You Send Me 30K,9,-1
BV1KAzhBFEzH,【温】❤️宇宙爆火偶像❤️组合队员千夏来演出了！ReDreaming Angel复梦天使EP翻拍,101021,7221,1441,2752,56,温   宇宙爆火偶像  组合队员千夏来演出了 ReDreaming Angel复梦天使EP翻拍,1,-1
BV1kAziBeEGH,原来装疯卖傻真的有用！,246837,18080,2224,2889,668,原来装疯卖傻真的有用,5,-1
BV1KBz7BZEbW,【终末地】滑索毕业作业！一条龙直接全图收菜：四号谷地篇！,1450090,57750,20029,112597,10466,终末地 滑索毕业作业 一条龙直接全图收菜 四号谷地篇,3,-1
BV1KczbBXEKZ,【4K/60帧】万尺一线完整版+正确打开方式,294419,17088,4523,4545,1555,4K 60帧 万尺一线完整版 正确打开方式,9,-1
BV1KczKBsEes,《爱丑猫说》,356379,37911,2345,4606,5083,爱丑猫说,5,-1
BV1KCzQBpERS,逆天！美国人推出杀人合法日？为控制人口不惜自相残杀，穷人成为了富人的猎物！悬疑惊悚电影《人类清除计划》,1270818,23620,2956,15363,495,逆天 美国人推出杀人合法日 为控制人口不惜自相残杀 穷人成为了富人的猎物 悬疑惊悚电影 人类清除计划,1,-1
BV1KEzDBDE3m,吃人肉，喝人血，人祸加天灾，中华历史上最混乱的时代！《太平年》,1234434,41825,5039,14797,3076,吃人肉 喝人血 人祸加天灾 中华历史上最混乱的时代  太平年,5,-1
BV1KEzqBVEPn,融合植物417：多功能杨桃！,204751,9802,823,1442,398,融合植物417 多功能杨桃,5,-1
BV1kF6MBdEtE,爱弥斯不想被开盒！,75458,9000,1668,991,753,爱弥斯不想被开盒,5,-1
BV1KNzhBZEsY,童年爆火全网的勇闯死人谷2!竟然还有隐藏结局？！,192761,10663,2815,6137,64,童年爆火全网的勇闯死人谷2 竟然还有隐藏结局,8,-1
BV1kNzKBDEKb,"""适合高端局的顶级BGM""",5721322,153177,9155,167370,503,适合高端局的顶级BGM,5,-1
BV1KozxBmEda,《绝区零》妄想天使EP | 把心跳变成节奏,667712,87037,42390,20618,8506,绝区零 妄想天使EP   把心跳变成节奏,2,-1
BV1KqzSBUEcu,45周年集大成！万代PGU 牛高达 把玩分享,211750,10700,3720,2840,3341,45周年集大成 万代PGU 牛高达 把玩分享,1,-1
BV1KSzYBiEkA,不睡觉就增加睡觉时间 | [TO DO X TXT] EP.167,121291,9042,3789,2626,523,不睡觉就增加睡觉时间    TO DO X TXT  EP 167,6,-1
BV1KVzABUEkY,仅需26滑索？武陵城，喂饭攻略！,92820,6557,2322,11571,928,仅需26滑索 武陵城 喂饭攻略,3,-1
BV1KyzQBQEju,【鲁特里一家死了】富豪空难引商战，树倒猢狲还没散,93534,11206,10321,3132,242,鲁特里一家死了 富豪空难引商战 树倒猢狲还没散,8,-1
BV1LCzTByEqv,当你在橙飞的视频里觉得我上我也行...,1315902,50453,2580,1789,1526,当你在橙飞的视频里觉得我上我也行,6,-1
BV1LdzmBZEEy,《AI易中天品新三国》第6集_大奸似忠,430610,30987,21083,6325,2998,AI易中天品新三国 第6集 大奸似忠,1,-1
BV1LjzSBAEf6,校长取消寒假！学生开战斗机冲向学校！,7909130,185289,4089,54534,3521,校长取消寒假 学生开战斗机冲向学校,1,-1
BV1LJzSBcEZx,海鲜市场根本买不到的芳虾蛄，我又给你们搞回来了，入口瞬间直接翻车,292043,19165,3813,1395,177,海鲜市场根本买不到的芳虾蛄 我又给你们搞回来了 入口瞬间直接翻车,6,-1
BV1LkzNBqEAq,当北方人看到南方人写的小说,3116873,96930,18534,78356,176,当北方人看到南方人写的小说,5,-1
BV1LNzCBjEXV,海绵宝宝搞笑版配音助眠,480964,56844,2367,18924,2194,海绵宝宝搞笑版配音助眠,1,-1
BV1LnzSB8Eqs,我没有泡椒怎么办,552975,41008,811,8377,740,我没有泡椒怎么办,6,-1
BV1LqzxBhE4c,王老菊教你赛博打灰,358209,16694,10032,3919,2824,王老菊教你赛博打灰,5,-1
BV1LSzaB2Ey1,袁总男朋友来浴池老四挑拨离间,226518,14474,1106,676,143,袁总男朋友来浴池老四挑拨离间,8,-1
BV1LSzeBsECM,你画我猜之：猜不出来的都该打！！！！,178621,22213,11695,4052,633,你画我猜之 猜不出来的都该打,6,-1
BV1LZzBBvEvV,【终末地】全网最详细的武器讲解！到底该选择哪些武器？,109975,4553,796,1805,848,终末地 全网最详细的武器讲解 到底该选择哪些武器,7,-1
BV1M5zzB9EfC,我网恋奔现来美国一年，今天终于见到了她的家人！,395083,19288,2388,1657,227,我网恋奔现来美国一年 今天终于见到了她的家人,6,-1
BV1maz4BXEir,当大课间の小曲配上Phonk……  9.0,298157,43839,910,18978,1159,当大课间 小曲配上Phonk    9 0,9,-1
BV1mAzgBBEwX,【终末地一条龙全收集】源石研究园/宝箱/醚质/调查点/修复/机器人/采录桩/工业点数/情报/源石研究园/四号谷地/明日方舟：终末地,672195,11739,6011,8483,655,终末地一条龙全收集 源石研究园 宝箱 醚质 调查点 修复 机器人 采录桩 工业点数 情报 源石研究园 四号谷地 明日方舟 终末地,2,0
BV1mdzDBsEd2,【原神】欢迎回家，月神大人！一起吃点好吃的吧！,204372,46180,15350,12363,1058,原神 欢迎回家 月神大人 一起吃点好吃的吧,4,-1
BV1mdzDBsEXz,【快报lite】育碧说他们要做最恐怖的一代刺客信条,627292,41059,20464,7782,606,快报lite 育碧说他们要做最恐怖的一代刺客信条,1,-1
BV1MDzxBQEci,【明日方舟终末地】核爆必备！别礼压箱底手法教学！最细技能评测！配队 天赋 养成 武器 潜能推荐,269060,20595,3812,8122,2158,明日方舟终末地 核爆必备 别礼压箱底手法教学 最细技能评测 配队 天赋 养成 武器 潜能推荐,7,-1
BV1mgz2BzE1Y,当一群兄弟们在我的世界里面勾心斗角的爬山!!?,593186,40554,17909,14495,684,当一群兄弟们在我的世界里面勾心斗角的爬山,6,-1
BV1MgzqBUEUR,好久不见,208216,36470,7463,3445,737,好久不见,6,-1
BV1mizbBZEmA,［MYGO］祥出没之过年,75185,7535,1285,3353,1865,MYGO 祥出没之过年,1,-1
BV1mJzEBfERa,盐 水 牛 肉！,1793958,84166,6549,50223,3692,盐 水 牛 肉,5,-1
BV1mkzkBwEwU,要冲出内心的枷锁,991837,55566,2012,1834,588,要冲出内心的枷锁,6,-1
BV1mRzNBtE6Q,【终末地塔防全攻略】等级一/等级二/等级三/等级四/干员介入/自动防御/谷地通道/源石工业园/景玉谷/难民暂居处/基建前站/天王坪援建点/防御塔/四号谷地/武陵,898351,15376,9481,19034,1896,终末地塔防全攻略 等级一 等级二 等级三 等级四 干员介入 自动防御 谷地通道 源石工业园 景玉谷 难民暂居处 基建前站 天王坪援建点 防御塔 四号谷地 武陵,2,-1
BV1MszCBYEE5,《锻刀大赛》最残暴女刀匠 人形暴龙兽 孩子和老公没有叛逆期！,812824,49603,4509,6467,641,锻刀大赛 最残暴女刀匠 人形暴龙兽 孩子和老公没有叛逆期,3,-1
BV1MSzxBpEqR,海胆小伙一动不动,315691,62625,6797,15008,4795,海胆小伙一动不动,8,-1
BV1mVz5B7Etf,双零帧暴力解局！削弱后漂泊再不斩实战思路,287167,12695,732,1898,202,双零帧暴力解局 削弱后漂泊再不斩实战思路,7,-1
BV1mwzkBbEJJ,新中国被迫早产！妥协让步给后世埋下巨大隐患【思维实验室】,1104815,48418,14914,33383,3452,新中国被迫早产 妥协让步给后世埋下巨大隐患 思维实验室,5,-1
BV1mWzpBkEDq,开局一辆车，如何在无尽的高架桥上与僵尸共存100天？！高架惊变100天——移动都市P2,525536,26759,3171,27224,388,开局一辆车 如何在无尽的高架桥上与僵尸共存100天  高架惊变100天  移动都市P2,7,-1
BV1MwzYBBEmQ,终末地最有压迫感的三大人权！登场！,295770,14294,1274,2490,3280,终末地最有压迫感的三大人权 登场,2,-1
BV1MyzHBgE3K,【终末地任务合集】四号谷地/主线任务/无色印记/希望与代价/驰援采石场/修复大型起重机/四号谷地/明日方舟：终末地,1150425,13380,5071,10881,1661,终末地任务合集 四号谷地 主线任务 无色印记 希望与代价 驰援采石场 修复大型起重机 四号谷地 明日方舟 终末地,2,-1
BV1mzzKBtE8A,真·出生之家（52）法国赌牲 上集,178722,21891,753,3261,425,真 出生之家 52 法国赌牲 上集,1,-1
BV1n3zQB5E7Q,并非劝退，希望姊妹了解这里的苦再做决定,246968,17519,616,1744,729,并非劝退 希望姊妹了解这里的苦再做决定,6,-1
BV1N3zYBYEx9,你说监狱里有只鼠鼠在送玄武？,1174567,42951,761,3716,186,你说监狱里有只鼠鼠在送玄武,6,-1
BV1n4zvBFEF8,最赌狗的一集！1%的秒杀概率你让我玩命？,375673,20282,1191,3343,433,最赌狗的一集 1 的秒杀概率你让我玩命,3,-1
BV1n8zNB1EU3,【原创PV】预算20W 战斗向动画，进度1/2,1651258,177307,16402,24330,1121,原创PV 预算20W 战斗向动画 进度1 2,9,-1
BV1ndzQB5Eyo,重庆火锅届的巨型菜品！12个荤菜把我吃爽了！,211229,9013,1232,1055,414,重庆火锅届的巨型菜品 12个荤菜把我吃爽了,8,-1
BV1nezrBUEX6,你杀我忠臣是吧！,256895,15659,2499,3761,1934,你杀我忠臣是吧,6,-1
BV1NFz4B1EEU,宝宝吃饭,341669,24713,715,1165,666,宝宝吃饭,5,-1
BV1nGzQBCEvG,好朋友是要住一起的对吗，桑多涅？,1720949,254876,107674,102640,23971,好朋友是要住一起的对吗 桑多涅,4,-1
BV1nGzQBCEvi,终末地种植区攻略，输出+30%珍贵道具，琼叶参培育指南！,280522,16680,607,18891,1424,终末地种植区攻略 输出 30 珍贵道具 琼叶参培育指南,7,-1
BV1NgzYBAEbg,今日化身侠女，来一曲《剑问长生》！,203380,10134,2528,2973,357,今日化身侠女 来一曲 剑问长生,7,-1
BV1nhzTBXEdC,六万牛驾到！是精神续作还是匠机平替？万代 PGU 牛高达 ν高达 RX93 1/60 高达拼装模型【评头论足】,658443,67310,75614,26207,23927,六万牛驾到 是精神续作还是匠机平替 万代 PGU 牛高达  高达 RX93 1 60 高达拼装模型 评头论足,7,-1
BV1nHzYBREgU,【中字】BURAIKAN『Back In The Day』MV,55666,7402,4487,3999,2028,中字 BURAIKAN Back In The Day MV,9,-1
BV1NMzYBeE9q,【终末地一条龙全收集】景玉谷/宝箱/醚质/调查点/机器人/采录桩/工业点数/情报/景玉谷/武陵/明日方舟：终末地,262953,8368,4672,3645,464,终末地一条龙全收集 景玉谷 宝箱 醚质 调查点 机器人 采录桩 工业点数 情报 景玉谷 武陵 明日方舟 终末地,2,0
BV1NMzYBeECB,【舌尖上的塔卫二】恢复药剂毕业推荐！工业药剂只是商品，精制药食才是正解！,238353,8568,744,5126,689,舌尖上的塔卫二 恢复药剂毕业推荐 工业药剂只是商品 精制药食才是正解,8,-1
BV1NnzNBQE1F,厨师长老吃家认证，简简单单照烧鸡腿饭做法，偷吃同款菜单,777430,71025,3497,22310,2860,厨师长老吃家认证 简简单单照烧鸡腿饭做法 偷吃同款菜单,1,-1
BV1nozMB9EaM,优秀的博主总能成为焦点,1106553,72028,11090,9599,871,优秀的博主总能成为焦点,6,-1
BV1NPzhBbEEc,广州一服装厂为尿毒症患者寻“新出路”：楼上织就生计，楼下延续生命,137381,10986,3326,1438,604,广州一服装厂为尿毒症患者寻 新出路  楼上织就生计 楼下延续生命,8,-1
BV1nqzaBREeb,一镜到底花絮来了～（伸懒腰除外）,932645,108134,3324,10388,7901,一镜到底花絮来了  伸懒腰除外,1,-1
BV1nszvBhEvJ,全图透视型指挥！Jame带队归来全胜之姿夺得总冠军！14分钟精彩时刻复盘~,129131,6739,1237,1030,500,全图透视型指挥 Jame带队归来全胜之姿夺得总冠军 14分钟精彩时刻复盘,1,-1
BV1NTBfBTENm,读烂梗，笑了就吃柠檬3,2884836,272347,11523,64766,21468,读烂梗 笑了就吃柠檬3,1,-1
BV1NTzhB4EmQ,最Real的一集：Rapper们没有说过的业内大实话！【涛昕窝EP04 | 杜海涛吴昕的视频播客】,151248,3000,854,1258,196,最Real的一集 Rapper们没有说过的业内大实话  涛昕窝EP04   杜海涛吴昕的视频播客,1,-1
BV1o7zKBkEoR,ZC爆改管理员！和干员一起拍片是什么体验？【二次元爆改】,872023,61280,3426,7229,3046,ZC爆改管理员 和干员一起拍片是什么体验  二次元爆改,3,-1
BV1obzvBoEBR,太平年值得看吗？来自五代宋初UP主的评价,156890,4725,753,1520,412,太平年值得看吗 来自五代宋初UP主的评价,1,-1
BV1ohzvBxEe8,6年老电工娱乐吐槽终末地拉电线，220V电不死二百五的电工【终末地】,217788,13025,3144,2772,2620,6年老电工娱乐吐槽终末地拉电线 220V电不死二百五的电工 终末地,1,-1
BV1ohzvBxEvk,【狮砸/大凤】在B站，每个人都可以分享生活，甚至可以看见大凤给你跳舞看,176111,30605,3565,14411,683,狮砸 大凤 在B站 每个人都可以分享生活 甚至可以看见大凤给你跳舞看,1,-1
BV1oizNB6EF4,过年亲戚惹到我，算是踢到铁板啦,2376365,94763,2261,22334,1073,过年亲戚惹到我 算是踢到铁板啦,6,-1
BV1oKznBjEH4,【终末地】莱万汀攻略 开服T0级火队大C！细节养成作业+进阶技巧,998036,27633,6518,12483,1617,终末地 莱万汀攻略 开服T0级火队大C 细节养成作业 进阶技巧,7,-1
BV1oMzFBsEFF,智斗峰巅！佩奇神秘失踪，看完三天没睡着觉！,709318,54243,3615,18075,2448,智斗峰巅 佩奇神秘失踪 看完三天没睡着觉,3,-1
BV1oNzFB4EdU,当兄弟婚礼让我们穿帅一点,1221274,37671,1093,6552,2591,当兄弟婚礼让我们穿帅一点,6,-1
BV1oszkBCEgZ,这一次，我终于穿上了梦寐以求的女装,1309163,77480,18455,13315,1414,这一次 我终于穿上了梦寐以求的女装,6,-1
BV1owzXBuEKZ,虐杀忠良还是死有余辜：暴雪中的当街杀戮,1667013,83244,9938,7533,4060,虐杀忠良还是死有余辜 暴雪中的当街杀戮,8,-1
BV1oxzhBVEge,"【忍者测评】""无限上墙上的爽，横扫战场的捕猎者""-漩涡鸣人【暴怒·第六尾】",77683,4762,2506,1553,105,忍者测评  无限上墙上的爽 横扫战场的捕猎者  漩涡鸣人 暴怒 第六尾,7,-1
BV1ozzzBiEuX,对方撤回一个“扣钱”！感谢搭档,3268535,252074,1933,28093,2570,对方撤回一个 扣钱  感谢搭档,4,-1
BV1P3zkBWELM,这是个悲伤的故事,1475696,117500,1470,9004,16986,这是个悲伤的故事,4,-1
BV1PAz4BCEAh,四川妹子在芬兰市中心开冬日餐车摆摊卖肠粉牛杂！广式早茶火爆街头各国老外狂喝凉茶笑翻天！大排长龙求开店！,1633737,101253,82217,20254,1210,四川妹子在芬兰市中心开冬日餐车摆摊卖肠粉牛杂 广式早茶火爆街头各国老外狂喝凉茶笑翻天 大排长龙求开店,8,-1
BV1PAzbBHEGd,猛攻初见五结局偶遇大哥劝降，不料被绝食高手为我所用,272161,14708,1549,2752,293,猛攻初见五结局偶遇大哥劝降 不料被绝食高手为我所用,7,-1
BV1PCzSByENs,当班里举行拍卖会！,4650228,114597,2327,25621,450,当班里举行拍卖会,4,-1
BV1pdBfBeEDm,【终末地】四号谷地 矿点/源矿/紫晶矿/蓝铁矿 拉电线全攻略,2842796,35154,21485,48596,10850,终末地 四号谷地 矿点 源矿 紫晶矿 蓝铁矿 拉电线全攻略,7,-1
BV1pDzQBmEy5,在洛杉矶花$50找一个美女陪玩是什么体验？最后吓得主播落荒而逃！,726570,28154,5345,8307,2662,在洛杉矶花 50找一个美女陪玩是什么体验 最后吓得主播落荒而逃,8,-1
BV1PdzYBaEjq,你的年会拿得出手吗,675341,37384,1482,1250,1068,你的年会拿得出手吗,0,-1
BV1PhzCBbEje,省妈极速版韩式石锅拌饭！简简单单，大饱一餐！,818103,52393,723,2960,790,省妈极速版韩式石锅拌饭 简简单单 大饱一餐,3,-1
BV1pHzxBrEcX,【小瑶】小瑶主食当零食，长胖不自知,253307,15711,1754,1189,756,小瑶 小瑶主食当零食 长胖不自知,5,-1
BV1PizmBrEru,学校监控如何凭空消失？家长如何反制！,1590101,98544,1378,32446,555,学校监控如何凭空消失 家长如何反制,8,-1
BV1pnzxBGE7e,《蛋糕店里卖蛋糕》MV，面包店里卖面包！,2263310,145357,2960,34494,25809,蛋糕店里卖蛋糕 MV 面包店里卖面包,5,-1
BV1pqzeBYEVt,【终末地】最好抄的武陵毕业基建！三步放完一切！摆完挂机启动！,207426,10096,6130,11382,2054,终末地 最好抄的武陵毕业基建 三步放完一切 摆完挂机启动,7,-1
BV1PszrBREhF,一年一度猩年春晚又来啦！,1263542,43335,2993,11293,1155,一年一度猩年春晚又来啦,1,-1
BV1pY6KBxEXc,【春节活动】故事视频公开：“以心为引，灯辉不灭，即是团圆！”,823658,15221,683,1445,1447,春节活动 故事视频公开  以心为引 灯辉不灭 即是团圆,1,-1
BV1pzzeBwEGD,查理太霸气了,369223,36315,967,9916,5689,查理太霸气了,6,-1
BV1q2zaBUEcM,最美的一集！华为Mate80系列海南户外体验,97560,11512,3403,3688,109,最美的一集 华为Mate80系列海南户外体验,3,-1
BV1Q5zaB6EUt,0元白嫖大红箱！开多少花多少起枪 能清图撤离吗,196769,13350,2859,1245,207,0元白嫖大红箱 开多少花多少起枪 能清图撤离吗,3,-1
BV1Q6zvBJEB6,反应慢、不会聊天接话的人一定要看这期视频|读《超级沟通者》,100260,5991,3314,7681,815,反应慢 不会聊天接话的人一定要看这期视频 读 超级沟通者,1,-1
BV1q7z6B6EmK,【终末地】ok！开服第三天...已经实现量产......,927852,66985,3899,7863,829,终末地 ok 开服第三天   已经实现量产,4,-1
BV1qCkNB2Egk,童年引爆全网的祖玛!隐藏结局到底是什么？！,4487489,94989,32495,57345,750,童年引爆全网的祖玛 隐藏结局到底是什么,8,-1
BV1QCzvB7Ex1,老赛呀老赛，你是在捍卫故土还是沦为过客,89488,9464,658,2522,111,老赛呀老赛 你是在捍卫故土还是沦为过客,6,-1
BV1QdzCB3ExT,2岁孩子遭拘留、被抓移民离奇“自杀” 万人空巷ICE大抗争,1828618,84701,8391,8357,2776,2岁孩子遭拘留 被抓移民离奇 自杀  万人空巷ICE大抗争,8,-1
BV1QdzrBYEc6,回家过年去镇上喝唯一一家奶茶，回家后天塌了，早知道不去了！,1299926,60377,1512,3232,1263,回家过年去镇上喝唯一一家奶茶 回家后天塌了 早知道不去了,6,-1
BV1qdzSBiEUC,2分钟速通瞬移剪辑的各种玩法！,2445692,147130,17464,91394,3596,2分钟速通瞬移剪辑的各种玩法,3,-1
BV1qfz6BkEyB,天上原来真的会掉馅饼啊！！,600044,37530,1710,4578,275,天上原来真的会掉馅饼啊,6,-1
BV1QizkBKEPr,年会蒙眼铲钱挑战，兄弟们猜猜我这波能铲多少,3220149,92738,1430,1248,435,年会蒙眼铲钱挑战 兄弟们猜猜我这波能铲多少,3,-1
BV1Qj6KBTExM,耗时十天狂制50斤腊肉香肠！德国院子自建烟熏棚，硬核年货吓坏公婆！,72816,8733,6697,1125,48,耗时十天狂制50斤腊肉香肠 德国院子自建烟熏棚 硬核年货吓坏公婆,8,-1
BV1QkzWBJEJn,【终末地】四号谷地/武陵 预警终端全难度 摆完挂机 简单好抄 干员介入/自动防御 源石研究园/谷地通道/景玉谷预警终端,1118466,25391,12372,23065,5039,终末地 四号谷地 武陵 预警终端全难度 摆完挂机 简单好抄 干员介入 自动防御 源石研究园 谷地通道 景玉谷预警终端,2,-1
BV1QLzFBSE2p,事情开始变得有意思了,1148754,152483,23527,8298,728,事情开始变得有意思了,4,-1
BV1QLznBgEpb,【终末地】这些角色必练！公测队伍推荐榜+各配队养成一图流 最轮椅配队有手就行！,2907428,57103,26246,46740,8663,终末地 这些角色必练 公测队伍推荐榜 各配队养成一图流 最轮椅配队有手就行,3,-1
BV1qLzPBKEqC,即使是神，也输我一局！,4352694,192073,763,8883,1597,即使是神 也输我一局,5,-1
BV1qM6MBnEBL,这是终末地最聪明的干员，你敢和她对视十秒吗？,78822,14406,4804,2609,1058,这是终末地最聪明的干员 你敢和她对视十秒吗,6,-1
BV1qMzeBpEsD,“中式煮水”爆火海外！他们真的煮对了吗？【主播说三农】,225743,26496,1754,6175,1010,中式煮水 爆火海外 他们真的煮对了吗  主播说三农,8,-1
BV1QqzcBWEyd,【终末地一条龙全收集】谷地通道/宝箱/醚质/调查点/修复/机器人/采录桩/工业点数/情报/谷地通道/四号谷地/明日方舟：终末地,593178,17946,7376,12369,1249,终末地一条龙全收集 谷地通道 宝箱 醚质 调查点 修复 机器人 采录桩 工业点数 情报 谷地通道 四号谷地 明日方舟 终末地,2,0
BV1QRzrBPErH,【太君の噩梦】开镀金超跑，拿奥运金牌，一样被逼去硫磺岛送死！,1155657,50768,1693,9373,605,太君 噩梦 开镀金超跑 拿奥运金牌 一样被逼去硫磺岛送死,8,-1
BV1Qsz4BtEKh,【终末地】极限压缩立省50W过完主线就能做萌新必看的武陵保姆级基建攻略！只要3张蓝图放空大脑速通武陵！,307423,14198,11978,22738,3242,终末地 极限压缩立省50W过完主线就能做萌新必看的武陵保姆级基建攻略 只要3张蓝图放空大脑速通武陵,3,-1
BV1Qsz4BtEvv,法国男人浪漫且渣？不结婚的法国人又“浪”又“慢”,473186,37620,6849,6449,1385,法国男人浪漫且渣 不结婚的法国人又 浪 又 慢,0,-1
BV1qvzUBcE8M,【亚空间之声】你的泰伦女友怀孕了,259874,36159,1611,12920,5538,亚空间之声 你的泰伦女友怀孕了,1,-1
BV1qwzrB6EkD,各种10只植物大招 VS 10只坚果墙 (pvz2),2866409,139005,8268,10869,832,各种10只植物大招 VS 10只坚果墙  pvz2,7,-1
BV1qYz5BeEA3,起源于中国的抹茶，是怎么“失传的”？一场抹茶的寻根之旅！,1432360,128089,1405,17967,557,起源于中国的抹茶 是怎么 失传的  一场抹茶的寻根之旅,8,-1
BV1QYzhBBEyE,三通一达又出什么事儿了？快递女王为何又遭前夫暴击？,223211,9416,803,1627,242,三通一达又出什么事儿了 快递女王为何又遭前夫暴击,8,-1
BV1qYzxBPEzh,更适合同人女和家产体质的恭喜发财！,258967,69326,2103,8937,5631,更适合同人女和家产体质的恭喜发财,6,-1
BV1R2zrBzEh6,用地下城3亿金币去参加农村赶集,234124,24752,10714,637,250,用地下城3亿金币去参加农村赶集,6,-1
BV1R3zFBpEQL,【NPC行动】零号大坝（机密）???w→???w,1430477,70468,3746,8024,1246,NPC行动 零号大坝 机密    w    w,9,-1
BV1r3zMBsE6k,做了一台人形搓澡机,3716950,61675,8998,23988,6817,做了一台人形搓澡机,4,-1
BV1r3zMBsEt3,【终末地一条龙全收集】阿伯莉采石场/宝箱/醚质/调查点/修复/机器人/采录桩/工业点数/情报/阿伯莉采石场/四号谷地/明日方舟：终末地,544119,11828,6727,6578,596,终末地一条龙全收集 阿伯莉采石场 宝箱 醚质 调查点 修复 机器人 采录桩 工业点数 情报 阿伯莉采石场 四号谷地 明日方舟 终末地,2,0
BV1R3zpBDETi,别让小陈演泡面,507825,42057,5714,8947,11146,别让小陈演泡面,5,-1
BV1r5zMBpEeG,2026年了怎么才有人玩原神？？？,659034,33324,3030,4227,1160,2026年了怎么才有人玩原神,3,-1
BV1R7z4BAEix,夏洛特，一个完美的英雄！,347046,20178,616,764,255,夏洛特 一个完美的英雄,4,-1
BV1R8zYBEEG5,【布瑞吉Bridge】LIVE现场演绎作品《来我敬你》| SoulSense TWH LIVE,82920,5449,2762,1237,500,布瑞吉Bridge LIVE现场演绎作品 来我敬你   SoulSense TWH LIVE,9,-1
BV1R8zYBEEKZ,尝试修复央视配音——加菲猫的幸福生活,131467,21754,2363,4101,181,尝试修复央视配音  加菲猫的幸福生活,1,-1
BV1r9zkB9EXP,你是说花费七万多，就为了造这座“世界第一”桥？？？,561915,50384,15822,5498,312,你是说花费七万多 就为了造这座 世界第一 桥,6,-1
BV1rAzPB5EaQ,“把飞弹拼好给你”再见堵桥,1249485,85966,8183,75990,9373,把飞弹拼好给你 再见堵桥,1,-1
BV1RCzDBYE79,百大后连跳30分钟，哭也不算时间哦【竖屏】,303773,40829,866,2274,174,百大后连跳30分钟 哭也不算时间哦 竖屏,1,-1
BV1RCzDBYE7d,为爱自愿卸载QQ，男朋友雇拆弹专家帮我做完手术后被抓了,794090,42434,1677,6839,29983,为爱自愿卸载QQ 男朋友雇拆弹专家帮我做完手术后被抓了,8,-1
BV1RDzCByEhN,没听见？,3271592,74154,958,8014,2765,没听见,6,-1
BV1rdzhBXEUq,同人版节奏挑战,1248214,89890,1357,18911,5337,同人版节奏挑战,7,-1
BV1rezaBoEfj,“妈妈...我不堵桥了...求你回来吧”—乌鲁鲁《死一样的堵过》,275431,31306,7364,8495,7426,妈妈   我不堵桥了   求你回来吧  乌鲁鲁 死一样的堵过,6,-1
BV1rf6TB4Em1,【第四十二赛季·精华1】故事视频公开：——“而那广阔而璀璨的梦想啊，终将通往无人的深渊……”,153429,7993,909,1129,2124,第四十二赛季 精华1 故事视频公开    而那广阔而璀璨的梦想啊 终将通往无人的深渊,7,-1
BV1RfzsB4EeL,开局2分钟就0比5了，还好死的全是天赋型选手,862519,41231,1340,1113,585,开局2分钟就0比5了 还好死的全是天赋型选手,4,-1
BV1rGzkBQEEj,用白砂糖竟然能给王清重塑肉身，你敢信？,895654,40512,9429,11644,2239,用白砂糖竟然能给王清重塑肉身 你敢信,0,-1
BV1rGzQBCEJ9,做点国风太难了，我能不能做我见过的！,1047286,32691,691,3004,709,做点国风太难了 我能不能做我见过的,6,-1
BV1rhztBVEaA,前面忘了，中间忘了，后面忘了，总之，让群星坠落，让星海沸腾，让银河燃烧吧！,388179,39967,1030,3789,486,前面忘了 中间忘了 后面忘了 总之 让群星坠落 让星海沸腾 让银河燃烧吧,6,-1
BV1RkzNBiEAn,当带冰霜的冷冻食品遇到高温油锅会发生什么？,1272018,68885,1573,11141,2146,当带冰霜的冷冻食品遇到高温油锅会发生什么,0,-1
BV1rKzPBGESv,警员为何与警方发生致命对峙？马文警员案件复盘,5429133,79832,2754,43379,1255,警员为何与警方发生致命对峙 马文警员案件复盘,8,-1
BV1RtzkBrE16,她指定是有点天赋,575019,22138,828,7239,367,她指定是有点天赋,4,-1
BV1RxzhBVE9p,如何在班里九子夺嫡,418289,24573,1746,9760,265,如何在班里九子夺嫡,5,-1
BV1RxzhBVErh,KiiiKiii '404 (New Era)' MV,319507,19434,8547,6354,5037,KiiiKiii  404  New Era   MV,9,-1
BV1S9zDBdErc,这就是我的传国玉玺,950295,77790,1335,6643,6052,这就是我的传国玉玺,6,-1
BV1sazaBFEwe,告白十年！成为儿时老师的理想男友？！【一口气看完】,80976,5717,574,3842,184,告白十年 成为儿时老师的理想男友   一口气看完,8,-1
BV1SDzNBcE1V,别点开！水要洒了！,183180,11525,803,1147,54,别点开 水要洒了,6,-1
BV1SdzrBYENj,“寿命论最刀，所以她提前学会了说谎”,257220,32077,5523,8703,982,寿命论最刀 所以她提前学会了说谎,4,-1
BV1SdzrBYEth,【丝之歌手书】💙蕾丝&大黄蜂的天天天国地狱国❤️,406424,76879,39929,25919,6169,丝之歌手书  蕾丝 大黄蜂的天天天国地狱国,2,-1
BV1sEzxBCEF5,【明日方舟终末地】萊万汀火队最强攻略·装备·技能·手法·配队,236604,15053,856,20492,888,明日方舟终末地 萊万汀火队最强攻略 装备 技能 手法 配队,7,-1
BV1sEzxBCEkY,暗信：花开又花谢花满天，追不上人好可怜,390703,19403,2650,2148,348,暗信 花开又花谢花满天 追不上人好可怜,6,-1
BV1sfzxBjEhJ,【终末地】基建蓝图一键攻略·武陵篇！息壤+金装备原件+芽针针剂分享！《明日方舟：终末地》|魔法Zc目录,1194297,53581,15762,37348,2784,终末地 基建蓝图一键攻略 武陵篇 息壤 金装备原件 芽针针剂分享  明日方舟 终末地  魔法Zc目录,2,-1
BV1sgzYBAEsq,北京抄手挑战，30分钟吃100个！奖金3百+3百，能吃饱吗？,512878,23642,1691,1400,871,北京抄手挑战 30分钟吃100个 奖金3百 3百 能吃饱吗,0,-1
BV1smzkBZExV,最后那动静配了几十次才过...不是因为有多难...而是总没忍住笑场... 杨坤老师对不起！,1318133,62100,3184,6948,4539,最后那动静配了几十次才过   不是因为有多难   而是总没忍住笑场    杨坤老师对不起,6,-1
BV1sNz7BnEFU,叫  我  PUBG  之  王 ！【BUG快乐阴人流#15】,2493239,194951,68528,55240,9420,叫  我  PUBG  之  王   BUG快乐阴人流 15,1,-1
BV1sNzQBEEG7,人类首次！物理学家终于拍到物体以99.9%光速运动时的样子,784794,32749,2766,12558,1530,人类首次 物理学家终于拍到物体以99 9 光速运动时的样子,8,-1
BV1spztBUEv4,终末地矿石赛跑大赛,187077,7461,578,772,2919,终末地矿石赛跑大赛,2,-1
BV1sSzkB4EMK,幻想中的监考老师,2360893,103163,997,6583,999,幻想中的监考老师,1,-1
BV1sszTBoEEL,《开摇！近期全网爆火的DJ歌曲合集2.0！》,1058139,71792,3324,107378,66,开摇 近期全网爆火的DJ歌曲合集2 0,9,-1
BV1STz5BHEAM,「重逢的街头 心跳比我先认出你」,991074,161053,44445,67134,5537,重逢的街头 心跳比我先认出你,6,-1
BV1SUz5BWETd,学会这么做 我再也不吃饺子了 皮薄馅儿大 极其鲜美  我不信有人能不爱吃,740787,37306,1470,26163,2117,学会这么做 我再也不吃饺子了 皮薄馅儿大 极其鲜美  我不信有人能不爱吃,0,-1
BV1SWzeBGEer,【大鸣王潮1566】爱弥斯，可敢担主C之责,464052,51596,20018,6324,3665,大鸣王潮1566 爱弥斯 可敢担主C之责,9,-1
BV1SXzDB4EUp,【终末地】最好用的武陵开荒蓝图！一键挂机无需任何操作！,331478,13487,7683,16289,2167,终末地 最好用的武陵开荒蓝图 一键挂机无需任何操作,3,-1
BV1SzzhBeELd,对话董子健X刘昊然：不必执着于真假，这是一场漫长而痛苦的成长,95073,3302,631,1161,181,对话董子健X刘昊然 不必执着于真假 这是一场漫长而痛苦的成长,6,-1
BV1t2zWB2EXJ,咱俩谁是谁的爹，咱俩谁是谁的儿,4822635,183918,4916,24356,9895,咱俩谁是谁的爹 咱俩谁是谁的儿,6,-1
BV1T6z7B4Eav,带大家体验一名失去双臂的博士生日常,988076,125451,42322,13167,6741,带大家体验一名失去双臂的博士生日常,4,-1
BV1T6zQBsE3J,警告：本视频含超量可爱电波与夹子音！ReDreaming Angel 复梦天使,123079,12316,2362,2013,427,警告 本视频含超量可爱电波与夹子音 ReDreaming Angel 复梦天使,1,-1
BV1T7zNB9E5s,百大UP从夯到拉锐评自己！,1378817,75163,12663,15720,1944,百大UP从夯到拉锐评自己,9,-1
BV1tBzQBdEEt,什么嘛….一听到这首歌...就会..想起曾经啊喂…,720820,151435,13992,45121,2971,什么嘛  一听到这首歌   就会  想起曾经啊喂,6,-1
BV1TFzbBWExr,新三国隐藏暗线张飞篇：嘲笑他之前请先了解他，因为会更好笑,678204,24225,4284,6598,1566,新三国隐藏暗线张飞篇 嘲笑他之前请先了解他 因为会更好笑,7,-1
BV1tfzDBpEzN,这次是真量太大了,289089,19477,524,1271,916,这次是真量太大了,6,-1
BV1tFzQBQEco,内地影史好莱坞首爆！施瓦辛格+卡梅隆，谍战动作喜剧量大管饱，万字拆解《真实的谎言》,835703,24394,6041,11965,411,内地影史好莱坞首爆 施瓦辛格 卡梅隆 谍战动作喜剧量大管饱 万字拆解 真实的谎言,8,-1
BV1TGzqB7Ec7,用五代UP主的视角打开《太平年》是一种什么体验3,135168,11927,6234,1697,207,用五代UP主的视角打开 太平年 是一种什么体验3,3,-1
BV1THzCBvEor,人民的网吧,577830,34568,1369,2699,3383,人民的网吧,5,-1
BV1THzuBqEgv,🐦疯 狂 的 爱 鸽🐦雷霆舞姿来了！,1653300,88807,1768,9791,764,疯 狂 的 爱 鸽 雷霆舞姿来了,1,-1
BV1tizKB8EmF,【杜比视界】我们在这里...拍到了没见过的素材,3529402,117375,36151,23696,3503,杜比视界 我们在这里   拍到了没见过的素材,0,-1
BV1TizLBHEqo,你的倒下不是终点，我的背负才是拯救的起点,4732435,144842,14422,52355,1228,你的倒下不是终点 我的背负才是拯救的起点,6,-1
BV1tjz8BhEZz,木偶成为周本Boss，散兵或将手刃博士？戴因反主开启世界循环！？【原神月之四主线万字解析】,237092,14903,8624,4976,1392,木偶成为周本Boss 散兵或将手刃博士 戴因反主开启世界循环   原神月之四主线万字解析,7,-1
BV1tKzcB1ECE,真的笑不动了！！！《下一个是谁6》04,3480587,349608,452164,125240,11783,真的笑不动了    下一个是谁6 04,1,-1
BV1tnz8BZEsv,「我还记得第一面见到你我心是怎样波动」,45027,5575,1394,1953,329,我还记得第一面见到你我心是怎样波动,6,-1
BV1TnzTB8EPb,当你把两个鼠标一起插到电脑上...,2015920,24736,1442,11129,112,当你把两个鼠标一起插到电脑上,4,-1
BV1tqz6BoEj3,诸神黄昏：爱因斯坦与玻尔的终极对决,2349321,174223,8522,35016,2828,诸神黄昏 爱因斯坦与玻尔的终极对决,7,-1
BV1trzQB9EM7,不知人求长生，还是惧生之终,333663,57007,13960,16995,3766,不知人求长生 还是惧生之终,6,-1
BV1TSzWByEUL,【抽象动画】三分钟速通终末地,436171,41204,2416,8170,8666,抽象动画 三分钟速通终末地,1,-1
BV1ttrUBXErK,开局一辆车，如何在无尽的高架桥上与僵尸共存100天？！高架惊变100天——移动都市P1,4560965,186545,17631,212697,4066,开局一辆车 如何在无尽的高架桥上与僵尸共存100天  高架惊变100天  移动都市P1,7,-1
BV1TTzYBNEKg,带你看懂隐藏在科幻剧外表下的现实隐喻！年度神作《同乐者》深度解析！,215234,8419,1578,3427,274,带你看懂隐藏在科幻剧外表下的现实隐喻 年度神作 同乐者 深度解析,3,-1
BV1TUzHBqEEY,没想到过年送礼这么危险，三个美女差点被撑死...,1061587,27480,8093,4063,276,没想到过年送礼这么危险 三个美女差点被撑死,8,-1
BV1TWzuBKEej,旅行袋里面的3个四格会是啥呢？,916555,92784,20812,63448,471,旅行袋里面的3个四格会是啥呢,5,-1
BV1tXzxBnEgU,等离子炮放大10000倍能实现吗？AI生成特效视频无不良影响,220341,22411,738,2703,401,等离子炮放大10000倍能实现吗 AI生成特效视频无不良影响,8,-1
BV1TXzxBnERw,【半佛】开餐饮教育消费者啥是预制菜属于内啥,275890,16913,697,1562,175,半佛 开餐饮教育消费者啥是预制菜属于内啥,3,-1
BV1tyzgB6EFB,火草布,753641,86404,27889,5391,695,火草布,5,-1
BV1TYzmBCEYS,我戒泡椒了！,578116,44536,607,5344,356,我戒泡椒了,5,-1
BV1tzz6BxEZU,兰陵王，你有没有用？,932061,48256,4111,2659,742,兰陵王 你有没有用,6,-1
BV1U3zjB4E9r,为何我12年前就敢说，中国农民工吃盒饭，比美国中产阶级吃得好？,856281,52014,4841,8030,6755,为何我12年前就敢说 中国农民工吃盒饭 比美国中产阶级吃得好,0,-1
BV1ubz4BdECr,对面：下路开动物园了？,728638,27344,615,763,828,对面 下路开动物园了,4,-1
BV1UczkBFEmX,⚡“难道我真的是天才？”⚡,2737502,207393,4602,38339,17593,难道我真的是天才,6,-1
BV1UfzTBYE1k,"“梦回大唐”“养兔子”？警惕""加密对话""毒害未成年人",1269399,56794,2126,10325,9733,梦回大唐  养兔子  警惕 加密对话 毒害未成年人,8,-1
BV1uHzFB2Eoe,我们的生活一地鸡毛，却见不得人间疾苦,4655959,262237,129523,68456,11228,我们的生活一地鸡毛 却见不得人间疾苦,5,-1
BV1uizbBfEqZ,"""我讨厌猴子，乖乖服从我""",461342,40372,589,6582,3514,我讨厌猴子 乖乖服从我,6,-1
BV1UJzaBTEqC,车是现金流的粉碎机，一年养车要花多少钱？,140781,8174,1774,1772,1114,车是现金流的粉碎机 一年养车要花多少钱,0,-1
BV1unzCBKETm,终  于  见  到  偶  像  了,1689938,130485,5202,18787,2553,终  于  见  到  偶  像  了,4,-1
BV1uPzYBTE5N,有些人不犯法，但多少有些病......,580454,14834,713,3409,282,有些人不犯法 但多少有些病,5,-1
BV1uPzYBTEug,【游戏众生相】都说终末地单机化，那它到底单机化在了哪里？,180359,6345,3008,2228,1819,游戏众生相 都说终末地单机化 那它到底单机化在了哪里,3,-1
BV1urzHBGEoZ,循环歌单|【NO BATIDÃO 】|“【魔王护の小曲】”,3943792,143788,8298,168135,365,循环歌单  NO BATID O     魔王护 小曲,9,-1
BV1usz1B3E3Z,【终末地】开局立省100W四号谷底萌新必看的保姆级基建攻略！只要5张蓝图放空大脑速通四号谷底！,1406954,51614,38654,106705,13324,终末地 开局立省100W四号谷底萌新必看的保姆级基建攻略 只要5张蓝图放空大脑速通四号谷底,7,-1
BV1USzvBVEAu,【终末地】套装并非无脑强，散件紫装也能毕业！全角色配装.全套装盘点.含邪修娱乐玩法,107233,4271,1215,4961,539,终末地 套装并非无脑强 散件紫装也能毕业 全角色配装 全套装盘点 含邪修娱乐玩法,7,-1
BV1uuzqBJEvF,【张靓颖】沉浸式沉浸,136895,4902,1449,1276,195,张靓颖 沉浸式沉浸,5,-1
BV1uw6TBiEY7,谜语日恐？谁在复仇！导演藏了十几条线索！ 万字拉片拆解《感染》完,63740,4685,3033,1360,73,谜语日恐 谁在复仇 导演藏了十几条线索  万字拉片拆解 感染 完,8,-1
BV1v3zwBcERg,傻福作者😡,779510,67991,1587,16403,2031,傻福作者,5,-1
BV1v4zkBGEmr,数列插项、删项、公共项！彻底吃透！,466042,51124,2486,14033,811,数列插项 删项 公共项 彻底吃透,1,-1
BV1vCzDBYEEa,谁是主角，一眼便知,3588764,294546,114035,50336,10223,谁是主角 一眼便知,6,-1
BV1vGz1BJEUV,检查出被感染的人类！不要出差错！丧尸边境检察官！,394140,33277,11603,7457,421,检查出被感染的人类 不要出差错 丧尸边境检察官,2,-1
BV1VHzSBfEgF,MAKE新番GREAT AGAIN！2026年一月新番开播吐槽！,711705,69593,49425,14994,2145,MAKE新番GREAT AGAIN 2026年一月新番开播吐槽,1,-1
BV1vjziBREAw,爆炸可爱《猪猪侠》舞台！踩在了日本萝莉和米虫公主的舒适区！,36741,5272,1182,611,146,爆炸可爱 猪猪侠 舞台 踩在了日本萝莉和米虫公主的舒适区,3,-1
BV1VLz1B7E41,三角洲行动 首个升级免费刀皮获取方式曝光！吉利服，威龙红皮演示！S8赛季前瞻精简版！,1719772,72549,1386,18126,14765,三角洲行动 首个升级免费刀皮获取方式曝光 吉利服 威龙红皮演示 S8赛季前瞻精简版,7,-1
BV1vNzTB6Etn,遇到不知道怎么回复的问题该怎么办？,2993843,173624,675,5702,2128,遇到不知道怎么回复的问题该怎么办,6,-1
BV1VpzLBcEty,1月21日 日常,4102422,213064,5523,15478,9760,1月21日 日常,5,-1
BV1VQzaBLExq,欺人太甚！神人游戏官方强行拿我视频打广告！这波真的给我气笑了！,58163,6555,3625,3196,1057,欺人太甚 神人游戏官方强行拿我视频打广告 这波真的给我气笑了,3,-1
BV1vSzaB2E6U,“我办事你就闹心吧！”,367191,30603,2873,6029,1020,我办事你就闹心吧,6,-1
BV1vU6KBLEXx,【明日方舟终末地】基质最速毕业！高效率同时刷取多个武器毕业基质方法论！什么是基质！粗暴简单易懂一图流！,89875,14007,3855,5682,713,明日方舟终末地 基质最速毕业 高效率同时刷取多个武器毕业基质方法论 什么是基质 粗暴简单易懂一图流,7,-1
BV1VUz8BzE2K,全是T0辅助？辅助排行榜夯爆了！苏打锋排行榜,224156,12224,799,2129,590,全是T0辅助 辅助排行榜夯爆了 苏打锋排行榜,3,-1
BV1VuzuB1Exq,明日方舟终末地蓝图毕业分享，320万产出，适用于40级以上,1105737,30745,20847,45424,8060,明日方舟终末地蓝图毕业分享 320万产出 适用于40级以上,7,-1
BV1VV6KBgEe8,【明日方舟】界园满强度大哥到底多可怕,124590,9675,4055,1533,1653,明日方舟 界园满强度大哥到底多可怕,3,-1
BV1VVz1BUEeX,人类至上主义,1326026,70389,15545,31765,1788,人类至上主义,5,-1
BV1vXzeBpEQe,拉滑索必备技巧！瓶式二段跳！,123941,6137,1338,3363,5690,拉滑索必备技巧 瓶式二段跳,5,-1
BV1vyzEBkEUZ,“我被困在了，萝卜纸巾的选择中”,1116308,125706,44274,24567,9820,我被困在了 萝卜纸巾的选择中,6,-1
BV1W1zSBVEm7,记得把平凡的日子，过得浪漫一点~,281566,37123,1668,1325,1180,记得把平凡的日子 过得浪漫一点,6,-1
BV1w4zzB1E9G,20000字，细读《寂静岭》，全网最细，独家解读！邪教 猎巫 平行世界，90% 的人没看懂的终极真相！,313937,17282,11321,9121,1100,20000字 细读 寂静岭  全网最细 独家解读 邪教 猎巫 平行世界 90  的人没看懂的终极真相,3,-1
BV1W8zaB8EMG,九斤大公鸡外加一盆红烧肥肠，全村聚餐，空气中充满了快乐的气息！,136292,9583,3934,551,80,九斤大公鸡外加一盆红烧肥肠 全村聚餐 空气中充满了快乐的气息,5,-1
BV1wDzQBmEMM,沉浸式体验 清代炸货匠的一日三餐,664639,28645,549,2774,74,沉浸式体验 清代炸货匠的一日三餐,8,-1
BV1wDzQBmEqr,嫂嫂们驶我擎天柱🧑🏽‍🤝‍🧑🏼🧑🏽‍🤝‍🧑🏼🧑🏽‍🤝‍🧑🏼,320693,19514,5745,4844,916,嫂嫂们驶我擎天柱,1,-1
BV1wEzYBoEPi,你不是会变红色吗～,506901,44144,743,1745,5729,你不是会变红色吗,6,-1
BV1WFzmBKEKA,这个水锤玩具不仅声音清脆，还能闪光！,510047,20815,3380,6456,566,这个水锤玩具不仅声音清脆 还能闪光,0,-1
BV1wGzMBRE7B,一秒变异！G18战神夺舍6头6甲+维克托+M700，0损耗撤离！,1602834,52845,1112,8252,519,一秒变异 G18战神夺舍6头6甲 维克托 M700 0损耗撤离,7,-1
BV1whzDBkEP6,试图从爽世处习得标志语句的海铃,100832,14618,6758,6677,2427,试图从爽世处习得标志语句的海铃,4,-1
BV1WizeBPEWa,所有伏笔，在此刻成为子弹！时空回溯，救赎之旅，原神这剧情简直鬼才！,169021,11183,1960,1873,860,所有伏笔 在此刻成为子弹 时空回溯 救赎之旅 原神这剧情简直鬼才,4,-1
BV1wKz4BrEv7,2025欠你们的舞一口气全跳完～～,162507,9216,1531,7965,637,2025欠你们的舞一口气全跳完,6,-1
BV1WLzvBqE6Q,完结撒花（有惊喜）愿大家都越来越好！,148779,21264,1977,723,67,完结撒花 有惊喜 愿大家都越来越好,4,-1
BV1WMzQBjEp8,《1月20日规则怪谈》,542137,55433,4863,10125,1050,1月20日规则怪谈,5,-1
BV1wnijB6EJP,100 vs 10000元旅游！！！ 十位百万up主去西天取经...【01】,1070015,60364,21629,22754,2654,100 vs 10000元旅游    十位百万up主去西天取经    01,1,-1
BV1WrzBBjE7n,《找茬都说不出这种话》,1356848,130788,4085,6985,6714,找茬都说不出这种话,6,-1
BV1wSzQBEE22,“逆风……但队友心态超好！”,263291,18547,1142,866,66,逆风  但队友心态超好,4,-1
BV1wU6ZBTErY,幼年被虐待后罹患精神疾病，长期服药，定期住院，数次轻生，终身无法治愈,477971,15075,2508,4330,1571,幼年被虐待后罹患精神疾病 长期服药 定期住院 数次轻生 终身无法治愈,4,-1
BV1WUzMBFEGy,““我们的智人朋友在新栖息地的第五个月””,139450,14217,3053,3121,981,我们的智人朋友在新栖息地的第五个月,4,-1
BV1wuzMBoEsb,快叫你朋友来看夹子拔河挑战,1601521,74520,10247,5647,5397,快叫你朋友来看夹子拔河挑战,6,-1
BV1WVzWBuEoF,【终末地】基建蓝图一键攻略！胶囊+装备原件+电池蓝图分享！幸运萝卜位置大全  《明日方舟：终末地》|魔法Zc目录,4290576,176688,92737,201648,30804,终末地 基建蓝图一键攻略 胶囊 装备原件 电池蓝图分享 幸运萝卜位置大全   明日方舟 终末地  魔法Zc目录,2,-1
BV1WVzYBcEFJ,30位“帅哥”中找出5名真正的男生？！究竟是他还是她？！,168514,11610,1319,3660,613,30位 帅哥 中找出5名真正的男生  究竟是他还是她,0,-1
BV1wwz4B5EDd,点评马斑：既没马，也没斑,557076,24687,1146,1789,2949,点评马斑 既没马 也没斑,6,-1
BV1WxztB2Egj,【万字拆解】天生恶魔，命定救世；撒旦之子，暴打亲爹！超英电影还没屎之前《地狱男爵》有多狂野？托罗的暗黑美学之我替撒旦养儿子~,275438,14429,2814,4556,175,万字拆解 天生恶魔 命定救世 撒旦之子 暴打亲爹 超英电影还没屎之前 地狱男爵 有多狂野 托罗的暗黑美学之我替撒旦养儿子,3,-1
BV1WXzyBAEQ4,机甲重击！感觉自己腕豪附体了,902064,56499,4762,1437,429,机甲重击 感觉自己腕豪附体了,7,-1
BV1WY6KBxEYZ,《绝区零》特别企划丨「妄想天使」出道发布会,134228,25576,2657,2849,1934,绝区零 特别企划丨 妄想天使 出道发布会,7,-1
BV1wYzrBJEGT,【终末地公测】蚀像寻遗 谷地像差活动攻略全收集 钥匙/任务/宝箱/巨大胖鸟雕像/罐装面包/塔塔金雕像/醚质晶块,285994,4660,3352,7911,818,终末地公测 蚀像寻遗 谷地像差活动攻略全收集 钥匙 任务 宝箱 巨大胖鸟雕像 罐装面包 塔塔金雕像 醚质晶块,2,-1
BV1WZz2BqEJg,广西百色田阳水下洞穴救援事件,968270,64733,30929,11387,2517,广西百色田阳水下洞穴救援事件,5,-1
BV1x2zkBbEq1,叔圈风流史：地下恋，抛妻弃子，夜光麻将，各有各的大精彩,425984,10043,1116,3407,1249,叔圈风流史 地下恋 抛妻弃子 夜光麻将 各有各的大精彩,1,-1
BV1x2zkBbEzk,遇到这个要跑吗,840524,76536,1964,12962,175,遇到这个要跑吗,6,-1
BV1X4zKBiEAX,《陌生兄弟》,158067,27474,1146,1346,16,陌生兄弟,5,-1
BV1X8zhB6E6q,如果超级英雄也要回家过年,179864,9606,2292,2136,147,如果超级英雄也要回家过年,5,-1
BV1x9z2BgEjG,欧洲要威慑美国,2221570,128496,33470,17207,2785,欧洲要威慑美国,5,-1
BV1X9zCBkEJF,旷世巨作八骏图,213854,26236,1747,3574,3531,旷世巨作八骏图,5,-1
BV1xAzQBSEqf,日本富人超市 VS 穷人超市！花100元到底有多大区别？,338232,13099,2174,1395,235,日本富人超市 VS 穷人超市 花100元到底有多大区别,5,-1
BV1xDzyBeEYK,寒假回家的经济来源：,967207,94309,564,4289,1082,寒假回家的经济来源,5,-1
BV1xgzYBAEXE,炉石传说：【天天素材库】 第398期,262838,12764,2130,763,136,炉石传说  天天素材库  第398期,7,-1
BV1xhrZBkEBh,印度人为啥要睡在隔离带？背后的现实令人沉默。,444953,18958,2118,4883,609,印度人为啥要睡在隔离带 背后的现实令人沉默,8,-1
BV1XhzMBrEkN,《谁家之过年回老家 who home—‌across‌ year go back old home》,3505047,275888,7598,19028,3133,谁家之过年回老家 who home  across  year go back old home,1,-1
BV1xkzKBxEPV,20年前的新番阵容有多爆炸？,135432,12889,2165,1956,495,20年前的新番阵容有多爆炸,0,-1
BV1XkzqBdE1h,【1月27日早·特别篇】混合物种+欧盟方阵（首次）+新装备亮相（“飞饼”导弹）+“朱砂行动”败者组方队+女性赋权——1文带你看清2026印度共和国日阅兵,251507,16626,1286,1067,747,1月27日早 特别篇 混合物种 欧盟方阵 首次  新装备亮相  飞饼 导弹   朱砂行动 败者组方队 女性赋权  1文带你看清2026印度共和国日阅兵,3,-1
BV1xMzYBeEEm,漂泊者走错更衣室！,734718,71479,6859,14598,1913,漂泊者走错更衣室,5,-1
BV1XPzDBFEDv,开箱我从B站收到的10万粉丝奖牌!,761489,42195,11677,6481,1849,开箱我从B站收到的10万粉丝奖牌,3,-1
BV1xQzWBVEXj,网络热门长虫视频(111)男子在马路上与3米蟒蛇单挑！竟活活将蟒蛇咬死？,730705,49865,3307,3994,525,网络热门长虫视频 111 男子在马路上与3米蟒蛇单挑 竟活活将蟒蛇咬死,8,-1
BV1xtzCBhEKP,小时候爱睡狗窝 1-3完整版,1387919,129225,1885,24803,2924,小时候爱睡狗窝 1 3完整版,1,-1
BV1XtzMBCEmF,《女鬼航天》亿！镜！到！底！,405135,22292,582,3434,459,女鬼航天 亿 镜 到 底,8,-1
BV1xTzYBNExv,“性商学苑”第一人翻车：全网被封，一点不冤,519017,13037,1215,3037,1257,性商学苑 第一人翻车 全网被封 一点不冤,8,-1
BV1XUzTBgEVo,航天勇敢者行动 史上最难标杆 三角洲行动,843918,40603,569,4345,4474,航天勇敢者行动 史上最难标杆 三角洲行动,2,-1
BV1xxzaBAE6h,【雷利尔x索琳蒂丝】错位时空,181551,33626,14828,10839,3003,雷利尔x索琳蒂丝 错位时空,2,-1
BV1XXzrBvEht,国货崛起是不是营销手段,224402,12216,546,953,154,国货崛起是不是营销手段,0,-1
BV1y1zbBQEAb,世上最不安的直男,158409,19969,1577,6764,877,世上最不安的直男,5,-1
BV1y3zyBcE42,剥蒜的情谊104.0,1324567,72945,1227,4059,1349,剥蒜的情谊104 0,9,-1
BV1YbzbBeEBE,火影首位170级满级达成！吐槽下宇智波斑[神驹佑将]制作，再简单氪10个648拉满通灵夺宝，战力快憋不住了，下个视频9000万见！,526314,35665,5014,4837,3225,火影首位170级满级达成 吐槽下宇智波斑 神驹佑将 制作 再简单氪10个648拉满通灵夺宝 战力快憋不住了 下个视频9000万见,3,-1
BV1ydzvBuE8P,🦊狐狸精🦊【超时空辉夜姬】,41833,4086,1859,1489,908,狐狸精  超时空辉夜姬,2,-1
BV1yfzNBREQT,还没上车…,6104481,200808,4777,36060,7048,还没上车,5,-1
BV1YfzsB4EVG,这份羁绊一定不会忘记 // 无畏契约师徒杯S2主题曲,384714,7251,1110,1463,302,这份羁绊一定不会忘记    无畏契约师徒杯S2主题曲,7,-1
BV1YhzMB6EMQ,你果然不会用B站，最后一个，希望你永远用不到！,548879,46973,27822,38238,1246,你果然不会用B站 最后一个 希望你永远用不到,6,-1
BV1YhzMBrE2q,二班忏悔录！,3001933,100306,2980,37046,432,二班忏悔录,5,-1
BV1yKzMBZEvF,揭秘赵薇吴佩慈的豪门真相。她们不是嫁入豪门，而是给黑钱当了“掩体”（完整版）。,208778,7103,828,1868,1720,揭秘赵薇吴佩慈的豪门真相 她们不是嫁入豪门 而是给黑钱当了 掩体  完整版,8,-1
BV1ynzjBnEgK,广西玉林旅游攻略丨博白是哪,347223,40022,3805,2744,691,广西玉林旅游攻略丨博白是哪,0,-1
BV1yNzMBbEJM,一个大学生玩了26h终末地 这是他的大脑发生的变化（胡言乱语）,2271348,159929,35254,36266,40866,一个大学生玩了26h终末地 这是他的大脑发生的变化 胡言乱语,8,-1
BV1yPzKBHE37,网红开的饭店生意好干吗？经营几个月了，是赚是赔一目了然,371624,11765,1732,650,198,网红开的饭店生意好干吗 经营几个月了 是赚是赔一目了然,0,-1
BV1ywzKBXEC6,【速凌】不是你们这是？三角终末地都来了吗？？？,4599806,149394,11471,107437,6322,速凌 不是你们这是 三角终末地都来了吗,6,-1
BV1ywzSBkEXE,雨好大，我看不清你离开的背影,192895,24596,1731,2095,72,雨好大 我看不清你离开的背影,6,-1
BV1YxzKBTEsC,带190山东男友回贵州，我父母真的遭不住了！！！,650890,57203,2493,3919,1448,带190山东男友回贵州 我父母真的遭不住了,0,-1
BV1z3zSBiE5p,buff加满的短裙～醉醉编舞+mokey编舞,530181,54843,4314,17618,2320,buff加满的短裙 醉醉编舞 mokey编舞,9,-1
BV1ZbzABqEXo,七星晋级赛，佛罗里达老哥上演真人GTA,2459395,59621,4942,7003,3970,七星晋级赛 佛罗里达老哥上演真人GTA,1,-1
BV1zbzUBNEBw,太逆天了！AI换脸装富豪、越南偷素材装单亲妈妈，创业成本900一个月赚22万？全是假的！,473076,26031,5695,3953,641,太逆天了 AI换脸装富豪 越南偷素材装单亲妈妈 创业成本900一个月赚22万 全是假的,0,-1
BV1ZbzvBoEo3,全网首台！联名+赛道版方程豹钛3有多帅？,138293,9419,4009,4115,1264,全网首台 联名 赛道版方程豹钛3有多帅,8,-1
BV1ZbzvBoEua,百人杀猪宴,184236,14801,6373,798,192,百人杀猪宴,5,-1
BV1zcz1BoEDx,[终末地]目标是成为攀岩大师,733431,63640,1654,6111,4989,终末地 目标是成为攀岩大师,4,-1
BV1ZdzLBqEsw,我有你没有,2240860,67670,1235,4455,571,我有你没有,6,-1
BV1ZdzSBvEq1,国一孙权出装焚决！拳打职业脚踢巅峰第一！,227643,12867,832,6473,1127,国一孙权出装焚决 拳打职业脚踢巅峰第一,7,-1
BV1Zfz7BVEHx,AIGC情感叙事短片《Him》—【B站AI创作大赛-开放赛道】,1761303,93302,3778,19850,2669,AIGC情感叙事短片 Him   B站AI创作大赛 开放赛道,9,-1
BV1ZfzQB3EhW,美国人的廉价剩菜盒饭！5块钱捡的底层剩菜能吃吗？,203838,9836,1338,1132,206,美国人的廉价剩菜盒饭 5块钱捡的底层剩菜能吃吗,0,-1
BV1zizDBMEPf,【终末地】免费六星武器怎么选？5星比6星强？全武器盘点适配角色推荐,427828,11611,1689,7941,1276,终末地 免费六星武器怎么选 5星比6星强 全武器盘点适配角色推荐,7,-1
BV1ZizNB6EqG,看完三观碎一地！作者展现超高智力！讲道理的叙事水平低到离谱原形毕露！！！,1142277,61025,1182,6987,5548,看完三观碎一地 作者展现超高智力 讲道理的叙事水平低到离谱原形毕露,3,-1
BV1ZJzhB7E62,挑战一张纸换饭,126267,15051,889,528,103,挑战一张纸换饭,5,-1
BV1zk6KBJEWY,【2025年度盘点】一次听个够！TOP100首年度优质中文说唱歌曲！,44316,2366,1245,922,182,2025年度盘点 一次听个够 TOP100首年度优质中文说唱歌曲,1,-1
BV1zkzaBHEQx,今日带家妻献丑了X﹏X,247343,29323,2046,1705,621,今日带家妻献丑了X X,6,-1
BV1zLzQBrEak,【九子夺嫡】 第一回 第一话,399973,30423,6012,3563,878,九子夺嫡  第一回 第一话,1,-1
BV1ZrzCBDEvi,【终末地一条龙全收集】矿脉源区/宝箱/醚质/调查点/修复/机器人/采录桩/工业点数/情报/矿脉源区/四号谷地/明日方舟：终末地,467881,16419,5838,12279,761,终末地一条龙全收集 矿脉源区 宝箱 醚质 调查点 修复 机器人 采录桩 工业点数 情报 矿脉源区 四号谷地 明日方舟 终末地,2,0
BV1ZRzSBKE3n,如果炒面也有段位，那安庆炒面我必须给到夯！,1510237,64178,37644,18490,21218,如果炒面也有段位 那安庆炒面我必须给到夯,6,-1
BV1ZW6TBnEQo,挑战非洲最硬核出租车，一辆车居然塞下20人，这体验太玩命！,68751,5494,1453,1014,123,挑战非洲最硬核出租车 一辆车居然塞下20人 这体验太玩命,0,-1
BV1ZWzYBpEy8,【终末地】最好抄的毕业基建！真正的一键挂机，植物出货口都不用管？,353272,14934,9706,23286,3408,终末地 最好抄的毕业基建 真正的一键挂机 植物出货口都不用管,3,-1
BV1ZXzSBqED3,《爸爸最开心の一集》,1935025,111591,2393,3661,1551,爸爸最开心 一集,1,-1
BV1ZXzSBqEDb,为什么《太平年》是年度最烧脑历史剧？全网唯一万字解析！揭秘朝代变迁底层逻辑！,362645,7703,1484,4178,1293,为什么 太平年 是年度最烧脑历史剧 全网唯一万字解析 揭秘朝代变迁底层逻辑,8,-1
BV1zy6MBdEiu,【i-dle】哔哩哔哩的小伙伴们！你们喜欢这次的MV吗？,33655,5490,2512,983,87,i dle 哔哩哔哩的小伙伴们 你们喜欢这次的MV吗,6,-1
BV1zYzDBgEgY,【猫天天说法】萌猫翘臀离奇出圈 当事猫辟谣反遭实锤,85741,9327,542,1390,228,猫天天说法 萌猫翘臀离奇出圈 当事猫辟谣反遭实锤,8,-1
BV1ZzzDBKEhF,充电头变小了，但我不知道的是…极客、稀土、通讯卫星,911285,23124,3480,6813,330,充电头变小了 但我不知道的是 极客 稀土 通讯卫星,4,-1
